phi,ratio,theta,sigma_s,k_star,seed,stopped_at,copies_per_genome,silenced_fraction,outcome,extinct,saturated,saturation_generation,extinction_generation,entries_per_genome,max_genomes_with_repertoire,saw_nonzero_entry,ever_had_repertoire,captures,mean_displacement,max_abs_entry,exploratory
0,2.00,0.1,0.05,4,2001,600,357.77666666666664,0.9275991540346399,CONTROLLED,0,0,NA,NA,241.75666666666666,300,1,1,69289,0,18.825286352658182,1
0,2.00,0.1,0.05,4,2002,600,353.76666666666665,0.9271459530764157,CONTROLLED,0,0,NA,NA,249.92333333333335,300,1,1,69717,0,18.904515756471707,1
0,2.00,0.1,0.05,4,2003,600,342.29,0.9227750348145335,CONTROLLED,0,0,NA,NA,248.34666666666666,300,1,1,69921,0,18.513463316279168,1
0,2.00,0.1,0.05,4,2004,600,333.9866666666667,0.9360852728651843,CONTROLLED,0,0,NA,NA,235.13666666666666,300,1,1,64813,0,17.008572078460972,1
0,2.00,0.1,0.05,4,2005,600,344.63666666666666,0.9311738932789121,CONTROLLED,0,0,NA,NA,243.75666666666666,300,1,1,68842,0,18.517033117449653,1
0,2.00,0.1,0.05,4,2006,600,327.65,0.9237194160435424,CONTROLLED,0,0,NA,NA,243.83,300,1,1,68323,0,19.108090120800213,1
0,2.00,0.1,0.05,4,2007,600,335.19,0.9114631502530903,CONTROLLED,0,0,NA,NA,257.0566666666667,300,1,1,71489,0,19.560078969223735,1
0,2.00,0.1,0.05,4,2008,600,362.7266666666667,0.9235604403683214,CONTROLLED,0,0,NA,NA,239.11333333333334,300,1,1,67661,0,18.34715293723014,1
0,2.00,0.1,0.05,4,2009,600,340.28333333333336,0.9338982220698437,CONTROLLED,0,0,NA,NA,262.07666666666665,300,1,1,73445,0,19.420846640615945,1
0,2.00,0.1,0.05,4,2010,600,346.91333333333336,0.9300593808251821,CONTROLLED,0,0,NA,NA,237.63333333333333,300,1,1,67136,0,18.578134782032905,1
0.125,2.00,0.1,0.05,4,2001,147,1508.2966666666666,0.39490904751275724,RUNAWAY,0,1,147,NA,39,300,1,1,8381,0.16405249143734288,3.012829534175494,1
0.125,2.00,0.1,0.05,4,2002,153,1597.0333333333333,0.18447329423305714,RUNAWAY,0,1,153,NA,33,300,1,1,7815,0.14748353142405218,3.034537321101097,1
0.125,2.00,0.1,0.05,4,2003,182,1589.5066666666667,0.3133634754598911,RUNAWAY,0,1,182,NA,41.03333333333333,300,1,1,8795,0.16424161111205618,2.925012189625028,1
0.125,2.00,0.1,0.05,4,2004,186,1668.3166666666666,0.3600235766591075,RUNAWAY,0,1,186,NA,37.903333333333336,300,1,1,8602,0.16699172956419686,2.92223685174245,1
0.125,2.00,0.1,0.05,4,2005,190,1576.5966666666666,0.3868374705853748,RUNAWAY,0,1,190,NA,43.193333333333335,300,1,1,9930,0.1915813324676988,3.4599638512638533,1
0.125,2.00,0.1,0.05,4,2006,172,1546.6033333333332,0.17753528700528687,RUNAWAY,0,1,172,NA,36.04333333333334,300,1,1,8611,0.16965339632624646,2.909192910516427,1
0.125,2.00,0.1,0.05,4,2007,175,1596.8866666666668,0.45354293562891124,RUNAWAY,0,1,175,NA,39.66,300,1,1,8241,0.1558306848228594,2.747437978292973,1
0.125,2.00,0.1,0.05,4,2008,168,1704.82,0.1260563187511487,RUNAWAY,0,1,168,NA,38.00666666666667,300,1,1,9239,0.17492049091103848,3.345145978781117,1
0.125,2.00,0.1,0.05,4,2009,176,1723.8766666666668,0.3390845826170859,RUNAWAY,0,1,176,NA,40.903333333333336,300,1,1,8929,0.17041181088166193,2.9129640158336327,1
0.125,2.00,0.1,0.05,4,2010,164,1640.29,0.13856492855938077,RUNAWAY,0,1,164,NA,37.016666666666666,300,1,1,8486,0.15743512636866736,3.012755590012788,1
0.25,2.00,0.1,0.05,4,2001,139,1594.4966666666667,0.30419839907682467,RUNAWAY,0,1,139,NA,19.026666666666667,300,1,1,4761,0.2035195315784844,1.4906824397684324,1
0.25,2.00,0.1,0.05,4,2002,147,1670.29,0.16156675387707126,RUNAWAY,0,1,147,NA,21.343333333333334,300,1,1,5296,0.21344353122402257,1.6790526442875118,1
0.25,2.00,0.1,0.05,4,2003,133,1505.4866666666667,0.25171041036564035,RUNAWAY,0,1,133,NA,20.623333333333335,300,1,1,4256,0.1909348686835148,1.4316566700545923,1
0.25,2.00,0.1,0.05,4,2004,136,1711.26,0.10295727514618858,RUNAWAY,0,1,136,NA,21.01,300,1,1,5268,0.2318321246595378,1.66940534012733,1
0.25,2.00,0.1,0.05,4,2005,130,1603.9433333333334,0.1902602544146406,RUNAWAY,0,1,130,NA,19,300,1,1,4028,0.17903501959171947,1.4770799359373843,1
0.25,2.00,0.1,0.05,4,2006,105,1580.36,0.11693116336362179,RUNAWAY,0,1,105,NA,15.02,300,1,1,3359,0.1438360476867047,1.4269027422014657,1
0.25,2.00,0.1,0.05,4,2007,132,1519.3433333333332,0.2199612551913875,RUNAWAY,0,1,132,NA,18,300,1,1,4429,0.18355830574290183,1.7267053644055028,1
0.25,2.00,0.1,0.05,4,2008,158,1594.4633333333334,0.1274974442811479,RUNAWAY,0,1,158,NA,23,300,1,1,4350,0.19323189507740582,1.7781343621628274,1
0.25,2.00,0.1,0.05,4,2009,127,1579.23,0.09327119334528008,RUNAWAY,0,1,127,NA,17.1,300,1,1,4035,0.17479082049142755,1.4729927361721522,1
0.25,2.00,0.1,0.05,4,2010,138,1542.4966666666667,0.1496621278490067,RUNAWAY,0,1,138,NA,23.046666666666667,300,1,1,4809,0.2131001139692642,1.668024068807437,1
0.375,2.00,0.1,0.05,4,2001,124,1573.19,0.23503624270855183,RUNAWAY,0,1,124,NA,16.44,300,1,1,4018,0.3174915062166267,1.3649769387489366,1
0.375,2.00,0.1,0.05,4,2002,154,1617.74,0.0785004594887518,RUNAWAY,0,1,154,NA,16.006666666666668,300,1,1,3222,0.25131749223666466,1.268494310129764,1
0.375,2.00,0.1,0.05,4,2003,123,1548.71,0.09804719196406472,RUNAWAY,0,1,123,NA,15.003333333333334,300,1,1,3575,0.25928004772225116,1.0147456331180642,1
0.375,2.00,0.1,0.05,4,2004,112,1507.36,0.08306133460708347,RUNAWAY,0,1,112,NA,12.08,300,1,1,3172,0.2307192274407247,1.056081602271561,1
0.375,2.00,0.1,0.05,4,2005,118,1508.1766666666667,0.1520931455863924,RUNAWAY,0,1,118,NA,13,300,1,1,2830,0.20284245909494258,0.8987067799573439,1
0.375,2.00,0.1,0.05,4,2006,140,1504.7866666666666,0.09001940474397256,RUNAWAY,0,1,140,NA,13,300,1,1,2827,0.2220969726153593,1.0804406514153304,1
0.375,2.00,0.1,0.05,4,2007,135,1534.98,0.08152114902691457,RUNAWAY,0,1,135,NA,14,300,1,1,3101,0.2586529915113691,1.2208697745840578,1
0.375,2.00,0.1,0.05,4,2008,109,1547.5666666666666,0.06953712279492537,RUNAWAY,0,1,109,NA,14.006666666666666,300,1,1,2638,0.19593070685524888,1.0619241291180403,1
0.375,2.00,0.1,0.05,4,2009,132,1653.2566666666667,0.06727529703998371,RUNAWAY,0,1,132,NA,14,300,1,1,2893,0.22416291883842543,1.0693568579074881,1
0.375,2.00,0.1,0.05,4,2010,113,1587.75,0.08198184013016323,RUNAWAY,0,1,113,NA,15.03,300,1,1,2718,0.2081364598041392,1.1531836351446854,1
0.5,2.00,0.1,0.05,4,2001,129,1545.01,0.04913668304196521,RUNAWAY,0,1,129,NA,9.3,300,1,1,2150,0.2623075408982461,0.7714811164724237,1
0.5,2.00,0.1,0.05,4,2002,141,1508.8033333333333,0.03656761097646921,RUNAWAY,0,1,141,NA,10.086666666666666,300,1,1,2959,0.34741020297750685,0.7476480097872823,1
0.5,2.00,0.1,0.05,4,2003,130,1643.91,0.09776893706670885,RUNAWAY,0,1,130,NA,10,300,1,1,2021,0.23532941251637488,0.795821149664118,1
0.5,2.00,0.1,0.05,4,2004,123,1612.44,0.07338567636625239,RUNAWAY,0,1,123,NA,11.5,300,1,1,3116,0.3981196992337831,0.7838070417382712,1
0.5,2.00,0.1,0.05,4,2005,130,1609.0666666666666,0.05727336758369241,RUNAWAY,0,1,130,NA,7,300,1,1,2348,0.27077616931612986,0.6685319573654774,1
0.5,2.00,0.1,0.05,4,2006,129,1658.7133333333334,0.12318986202156691,RUNAWAY,0,1,129,NA,11,300,1,1,2136,0.2906513466343011,0.7382961857101361,1
0.5,2.00,0.1,0.05,4,2007,123,1557.4033333333334,0.11079553359116992,RUNAWAY,0,1,123,NA,9,300,1,1,1891,0.22198900149319448,0.837411245907501,1
0.5,2.00,0.1,0.05,4,2008,126,1514.62,0.17220380909623095,RUNAWAY,0,1,126,NA,9.72,300,1,1,2714,0.3053116201548387,0.8992389374189468,1
0.5,2.00,0.1,0.05,4,2009,147,1615.9066666666668,0.1154934690947497,RUNAWAY,0,1,147,NA,11.006666666666666,300,1,1,2270,0.306179991140456,0.947860569985218,1
0.5,2.00,0.1,0.05,4,2010,98,1510.27,0.0588415757888766,RUNAWAY,0,1,98,NA,8.006666666666666,300,1,1,1846,0.21939757193167878,0.7378100548561787,1
0.625,2.00,0.1,0.05,4,2001,118,1665.92,0.047059082468946085,RUNAWAY,0,1,118,NA,6.886666666666667,300,1,1,1551,0.3041231997645123,0.518779897767503,1
0.625,2.00,0.1,0.05,4,2002,124,1556.85,0.057218100651957475,RUNAWAY,0,1,124,NA,7,300,1,1,1825,0.3625699506996356,0.46597149442996766,1
0.625,2.00,0.1,0.05,4,2003,103,1570.7333333333333,0.05417214889011502,RUNAWAY,0,1,103,NA,7,300,1,1,1522,0.293916651264938,0.42821907203903137,1
0.625,2.00,0.1,0.05,4,2004,115,1503.51,0.02107734567778066,RUNAWAY,0,1,115,NA,5.06,300,1,1,1257,0.24819867350978236,0.47662610126477517,1
0.625,2.00,0.1,0.05,4,2005,140,1706.39,0.04358909745134465,RUNAWAY,0,1,140,NA,7.003333333333333,300,1,1,1689,0.362229430366181,0.5846761955958679,1
0.625,2.00,0.1,0.05,4,2006,132,1577.3433333333332,0.044403775969298585,RUNAWAY,0,1,132,NA,7.013333333333334,300,1,1,1506,0.26999911738099674,0.48939214506071604,1
0.625,2.00,0.1,0.05,4,2007,101,1535.4033333333334,0.11185334580924447,RUNAWAY,0,1,101,NA,7,300,1,1,1353,0.26623092875860155,0.43139697123563225,1
0.625,2.00,0.1,0.05,4,2008,109,1557.3566666666666,0.08009083768008612,RUNAWAY,0,1,109,NA,8,300,1,1,1482,0.2816809880653348,0.4484040644356372,1
0.625,2.00,0.1,0.05,4,2009,140,1521.7733333333333,0.02531695478082588,RUNAWAY,0,1,140,NA,7.166666666666667,300,1,1,1793,0.37618001550548413,0.6355377177507743,1
0.625,2.00,0.1,0.05,4,2010,127,1596.3633333333332,0.028627568076607456,RUNAWAY,0,1,127,NA,6.043333333333333,300,1,1,1393,0.2798150724713032,0.588646054049976,1
0.75,2.00,0.1,0.05,4,2001,132,1507.5633333333333,0.022650236916525342,RUNAWAY,0,1,132,NA,4.02,300,1,1,978,0.3585926927967004,0.2588228224015079,1
0.75,2.00,0.1,0.05,4,2002,126,1539.55,0.11013607872430256,RUNAWAY,0,1,126,NA,4.71,300,1,1,1126,0.4075606279762252,0.38627134167904537,1
0.75,2.00,0.1,0.05,4,2003,151,1590.55,0.032517053849297414,RUNAWAY,0,1,151,NA,4,300,1,1,864,0.27098923437752626,0.26176946696121156,1
0.75,2.00,0.1,0.05,4,2004,115,1575.64,0.05264950538617112,RUNAWAY,0,1,115,NA,4,300,1,1,1300,0.40321227993125053,0.26156067829499735,1
0.75,2.00,0.1,0.05,4,2005,124,1538.2166666666667,0.027523214111579427,RUNAWAY,0,1,124,NA,4,300,1,1,829,0.24746752595733523,0.28431455387098464,1
0.75,2.00,0.1,0.05,4,2006,103,1535.8633333333332,0.035571741409283375,RUNAWAY,0,1,103,NA,3.02,300,1,1,875,0.2452125699739961,0.2813010141975831,1
0.75,2.00,0.1,0.05,4,2007,95,1597.9733333333334,0.024750100126827313,RUNAWAY,0,1,95,NA,4,300,1,1,841,0.2896168570342265,0.24445685102045103,1
0.75,2.00,0.1,0.05,4,2008,127,1516.5766666666666,0.03793411916751104,RUNAWAY,0,1,127,NA,5,300,1,1,966,0.30120318066503987,0.2848519741594068,1
0.75,2.00,0.1,0.05,4,2009,102,1556.7533333333333,0.045517808430365764,RUNAWAY,0,1,102,NA,3.2733333333333334,300,1,1,911,0.2884764829409388,0.28597423889733875,1
0.75,2.00,0.1,0.05,4,2010,125,1557.5733333333333,0.0692765669674194,RUNAWAY,0,1,125,NA,5,300,1,1,952,0.3310166984999689,0.2572275987845906,1
0.875,2.00,0.1,0.05,4,2001,130,1555.9366666666667,0.018801108014250795,RUNAWAY,0,1,130,NA,2,300,1,1,1047,0.48557690070478876,0.13844575099066758,1
0.875,2.00,0.1,0.05,4,2002,142,1519.0466666666666,0.014890918426908104,RUNAWAY,0,1,142,NA,2.0366666666666666,300,1,1,861,0.46720798896517607,0.13014035765925083,1
0.875,2.00,0.1,0.05,4,2003,131,1591.71,0.0313206132607908,RUNAWAY,0,1,131,NA,3,300,1,1,820,0.489025936814911,0.12216051986993479,1
0.875,2.00,0.1,0.05,4,2004,123,1581.1133333333332,0.02158183895735916,RUNAWAY,0,1,123,NA,1,300,1,1,432,0.24130308107577148,0.13494837685755534,1
0.875,2.00,0.1,0.05,4,2005,109,1646.5266666666666,0.004508480478097328,RUNAWAY,0,1,109,NA,2,300,1,1,387,0.20585061360729834,0.2006724426675379,1
0.875,2.00,0.1,0.05,4,2006,111,1662.9,0.03407901858199531,RUNAWAY,0,1,111,NA,2,300,1,1,1080,0.4050288649671147,0.11576620811925056,1
0.875,2.00,0.1,0.05,4,2007,115,1558.7233333333334,0.0064112297029406545,RUNAWAY,0,1,115,NA,2.04,300,1,1,732,0.4959808281092268,0.13613336274068236,1
0.875,2.00,0.1,0.05,4,2008,108,1532.03,0.06053406264890374,RUNAWAY,0,1,108,NA,2,300,1,1,383,0.24625721131499675,0.13004356067946624,1
0.875,2.00,0.1,0.05,4,2009,129,1548.6666666666667,0.03881618596642273,RUNAWAY,0,1,129,NA,2.26,300,1,1,525,0.3299750098636291,0.12956204927267329,1
0.875,2.00,0.1,0.05,4,2010,141,1585.7533333333333,0.036924616270710454,RUNAWAY,0,1,141,NA,2,300,1,1,346,0.20528621978981795,0.11764289286534893,1
1,2.00,0.1,0.05,4,2001,135,1618.17,0.0224801267275173,RUNAWAY,0,1,135,NA,1,300,0,1,258,0.07983197765611111,0,1
1,2.00,0.1,0.05,4,2002,122,1534.6433333333334,0.01653804467053148,RUNAWAY,0,1,122,NA,1,300,0,1,265,0.07817053031814748,0,1
1,2.00,0.1,0.05,4,2003,125,1537.8166666666666,0.01924156542283974,RUNAWAY,0,1,125,NA,1,300,0,1,303,0.06801213136817477,0,1
1,2.00,0.1,0.05,4,2004,129,1572.7266666666667,0.014673030702516649,RUNAWAY,0,1,129,NA,1,300,0,1,273,0.07868839826180299,0,1
1,2.00,0.1,0.05,4,2005,128,1516.69,0.013984400239996309,RUNAWAY,0,1,128,NA,1,300,0,1,312,0.07331571625404892,0,1
1,2.00,0.1,0.05,4,2006,147,1576.78,0.015176498940879513,RUNAWAY,0,1,147,NA,1,300,0,1,325,0.0665253975664834,0,1
1,2.00,0.1,0.05,4,2007,125,1560.1066666666666,0.018626931491863803,RUNAWAY,0,1,125,NA,1,300,0,1,326,0.07452796267933533,0,1
1,2.00,0.1,0.05,4,2008,146,1641.9233333333334,0.012333097160443951,RUNAWAY,0,1,146,NA,1,300,0,1,332,0.07284201563148207,0,1
1,2.00,0.1,0.05,4,2009,118,1615.8266666666666,0.019818544893429164,RUNAWAY,0,1,118,NA,1,300,0,1,344,0.06764675210981079,0,1
1,2.00,0.1,0.05,4,2010,151,1572.07,0.02549080723716713,RUNAWAY,0,1,151,NA,1,300,0,1,326,0.06357448135636264,0,1
0,3.33,0.1,0.03,11,2001,600,269.92,0.9487872950009879,CONTROLLED,0,0,NA,NA,123.97,300,1,1,35719,0,9.12081032632962,0
0,3.33,0.1,0.03,11,2002,600,250.67666666666668,0.9290187891440501,CONTROLLED,0,0,NA,NA,141.63666666666666,300,1,1,41322,0,10.548618813751524,0
0,3.33,0.1,0.03,11,2003,600,262.8,0.9490233384069,CONTROLLED,0,0,NA,NA,148.86,300,1,1,43696,0,10.970331344639202,0
0,3.33,0.1,0.03,11,2004,600,273.2633333333333,0.9428756144866368,CONTROLLED,0,0,NA,NA,142.55,300,1,1,42713,0,10.714200980329164,0
0,3.33,0.1,0.03,11,2005,600,260.87333333333333,0.9491835117937185,CONTROLLED,0,0,NA,NA,147.30333333333334,300,1,1,42063,0,10.903474559496269,0
0,3.33,0.1,0.03,11,2006,600,255.15,0.940779933372526,CONTROLLED,0,0,NA,NA,140.59,300,1,1,41173,0,10.436515051645777,0
0,3.33,0.1,0.03,11,2007,600,256.45,0.9403262494313381,CONTROLLED,0,0,NA,NA,124.22333333333333,300,1,1,35306,0,9.377434719679368,0
0,3.33,0.1,0.03,11,2008,600,247.39,0.9363488149615318,CONTROLLED,0,0,NA,NA,137.10666666666665,300,1,1,40358,0,10.683071575823716,0
0,3.33,0.1,0.03,11,2009,600,256.75,0.9474586173320351,CONTROLLED,0,0,NA,NA,142.15,300,1,1,40931,0,10.3727442171285,0
0,3.33,0.1,0.03,11,2010,600,253.59666666666666,0.9403646209860803,CONTROLLED,0,0,NA,NA,148.09333333333333,300,1,1,41395,0,10.541479247571914,0
0.125,3.33,0.1,0.03,11,2001,165,1511.0233333333333,0.1410170149589572,RUNAWAY,0,1,165,NA,24.03,300,1,1,4797,0.09068160914021624,2.376723671629175,0
0.125,3.33,0.1,0.03,11,2002,176,1833.2466666666667,0.2406386483724685,RUNAWAY,0,1,176,NA,19.226666666666667,300,1,1,4422,0.08166675655061727,2.162699647858055,0
0.125,3.33,0.1,0.03,11,2003,178,1580.1,0.12173280172141003,RUNAWAY,0,1,178,NA,24.003333333333334,300,1,1,4836,0.088413998940238,2.135749548724231,0
0.125,3.33,0.1,0.03,11,2004,190,1543.4966666666667,0.14018818742724853,RUNAWAY,0,1,190,NA,27,300,1,1,5312,0.1003885371220929,1.849417741165647,0
0.125,3.33,0.1,0.03,11,2005,164,1580.1966666666667,0.1773365762489479,RUNAWAY,0,1,164,NA,21.15,300,1,1,4943,0.0905570603154927,1.8483304918903727,0
0.125,3.33,0.1,0.03,11,2006,154,1681.21,0.1205401665070594,RUNAWAY,0,1,154,NA,26,300,1,1,5261,0.09660983327701471,1.9145500702395473,0
0.125,3.33,0.1,0.03,11,2007,179,1537.16,0.24077736431687874,RUNAWAY,0,1,179,NA,27.003333333333334,300,1,1,5049,0.09307806309732067,1.811819612927089,0
0.125,3.33,0.1,0.03,11,2008,188,1539.12,0.11037692534262003,RUNAWAY,0,1,188,NA,23.013333333333332,300,1,1,5198,0.09307668838379222,2.056931617566431,0
0.125,3.33,0.1,0.03,11,2009,161,1685.0666666666666,0.2675423326475708,RUNAWAY,0,1,161,NA,20.02,300,1,1,4806,0.08844862804811403,2.0024250468040647,0
0.125,3.33,0.1,0.03,11,2010,177,1864.4633333333334,0.16715980827369448,RUNAWAY,0,1,177,NA,24.013333333333332,300,1,1,4699,0.09012517734191361,2.3292362284648767,0
0.25,3.33,0.1,0.03,11,2001,159,1664.6033333333332,0.10836014986553354,RUNAWAY,0,1,159,NA,16,300,1,1,2733,0.11453006618703584,1.0642514380562307,0
0.25,3.33,0.1,0.03,11,2002,142,1556.06,0.11905282144218945,RUNAWAY,0,1,142,NA,14,300,1,1,2602,0.10147273740713171,1.0647326851494232,0
0.25,3.33,0.1,0.03,11,2003,123,1660.1,0.11888239664277252,RUNAWAY,0,1,123,NA,13,300,1,1,2963,0.11759034535559156,0.9120267676337848,0
0.25,3.33,0.1,0.03,11,2004,133,1553.0333333333333,0.10876564143289477,RUNAWAY,0,1,133,NA,13,300,1,1,2745,0.10820111976203507,1.034725346939259,0
0.25,3.33,0.1,0.03,11,2005,158,1551.8366666666666,0.07115224755182568,RUNAWAY,0,1,158,NA,14,300,1,1,2703,0.10962018941864526,1.089098895985403,0
0.25,3.33,0.1,0.03,11,2006,170,1509.5533333333333,0.1721060976094474,RUNAWAY,0,1,170,NA,19,300,1,1,3279,0.13773892413163796,1.310646180517156,0
0.25,3.33,0.1,0.03,11,2007,149,1572.31,0.07369623886722933,RUNAWAY,0,1,149,NA,15.036666666666667,300,1,1,2946,0.1136223442164454,1.0891112957578866,0
0.25,3.33,0.1,0.03,11,2008,144,1533.1066666666666,0.07216501569797275,RUNAWAY,0,1,144,NA,13,300,1,1,2947,0.11427455642542501,0.913767160956705,0
0.25,3.33,0.1,0.03,11,2009,134,1599.2433333333333,0.1648216969275053,RUNAWAY,0,1,134,NA,15,300,1,1,3103,0.1324359956150134,1.0018911445019443,0
0.25,3.33,0.1,0.03,11,2010,149,1851.4866666666667,0.06283059019238593,RUNAWAY,0,1,149,NA,14,300,1,1,2977,0.1108981528606604,1.0488041164961504,0
0.375,3.33,0.1,0.03,11,2001,152,1614.4966666666667,0.04873138996880349,RUNAWAY,0,1,152,NA,9.04,300,1,1,1829,0.14294957510789696,0.6381956495226073,0
0.375,3.33,0.1,0.03,11,2002,117,1529.0133333333333,0.05613423907356378,RUNAWAY,0,1,117,NA,8.013333333333334,300,1,1,1781,0.10964022749271653,0.7128800074780264,0
0.375,3.33,0.1,0.03,11,2003,138,1634.8066666666666,0.07303004228838476,RUNAWAY,0,1,138,NA,10,300,1,1,1693,0.12248338970506013,0.6394877912046018,0
0.375,3.33,0.1,0.03,11,2004,134,1735.17,0.0907134939708117,RUNAWAY,0,1,134,NA,11,300,1,1,1750,0.12565046136760474,0.667960012470717,0
0.375,3.33,0.1,0.03,11,2005,129,1602.1366666666668,0.07689731005053668,RUNAWAY,0,1,129,NA,10,300,1,1,2034,0.1474378033833911,0.6861669985741158,0
0.375,3.33,0.1,0.03,11,2006,125,1639.2066666666667,0.05785318914434218,RUNAWAY,0,1,125,NA,10.003333333333334,300,1,1,1793,0.13033067330943235,0.6942511908292652,0
0.375,3.33,0.1,0.03,11,2007,125,1529.0666666666666,0.01317361353331008,RUNAWAY,0,1,125,NA,8,300,1,1,1765,0.1257604127549195,0.7246648189214622,0
0.375,3.33,0.1,0.03,11,2008,115,1624.6866666666667,0.05564354973061472,RUNAWAY,0,1,115,NA,8,300,1,1,1600,0.10805812772841052,0.5524198681821619,0
0.375,3.33,0.1,0.03,11,2009,138,1680.5433333333333,0.05212401544738507,RUNAWAY,0,1,138,NA,9.003333333333334,300,1,1,1831,0.1342595543426768,0.6611879057784835,0
0.375,3.33,0.1,0.03,11,2010,123,1568.4,0.05539615744282921,RUNAWAY,0,1,123,NA,9,300,1,1,1779,0.1172064981301297,0.7312236597728794,0
0.5,3.33,0.1,0.03,11,2001,124,1608.8466666666666,0.07799790325989218,RUNAWAY,0,1,124,NA,7,300,1,1,1147,0.13961836591826565,0.47830513460878776,0
0.5,3.33,0.1,0.03,11,2002,129,1807.46,0.049625810068641446,RUNAWAY,0,1,129,NA,6,300,1,1,1197,0.13316953812096363,0.499770249377445,0
0.5,3.33,0.1,0.03,11,2003,130,1599.8466666666666,0.040555969947119935,RUNAWAY,0,1,130,NA,6,300,1,1,1318,0.14665579885799496,0.4917029740333776,0
0.5,3.33,0.1,0.03,11,2004,111,1619.3266666666666,0.12812938711151547,RUNAWAY,0,1,111,NA,8,300,1,1,1325,0.15511735285351808,0.46193780433108583,0
0.5,3.33,0.1,0.03,11,2005,130,1570.7233333333334,0.03693202919249518,RUNAWAY,0,1,130,NA,6,300,1,1,1427,0.14441508614805137,0.39003784508542577,0
0.5,3.33,0.1,0.03,11,2006,136,1533.9533333333334,0.03284758771453282,RUNAWAY,0,1,136,NA,7,300,1,1,1366,0.1643795913291767,0.5214811336948831,0
0.5,3.33,0.1,0.03,11,2007,155,1598.92,0.03031838157422927,RUNAWAY,0,1,155,NA,8,300,1,1,1456,0.17877612554456646,0.5571999328937906,0
0.5,3.33,0.1,0.03,11,2008,121,1565.5333333333333,0.047091513009411064,RUNAWAY,0,1,121,NA,8.006666666666666,300,1,1,1423,0.17302698428419916,0.6196176346566198,0
0.5,3.33,0.1,0.03,11,2009,118,1509.1633333333334,0.044770943723785143,RUNAWAY,0,1,118,NA,5.003333333333333,300,1,1,1270,0.12817369216736352,0.45853688614536825,0
0.5,3.33,0.1,0.03,11,2010,121,1522.9733333333334,0.045485585214886666,RUNAWAY,0,1,121,NA,7,300,1,1,1786,0.21215924423829083,0.46389710692966246,0
0.625,3.33,0.1,0.03,11,2001,126,1640.68,0.029449171481743343,RUNAWAY,0,1,126,NA,4,300,1,1,723,0.1155869228925476,0.24309092520451675,0
0.625,3.33,0.1,0.03,11,2002,111,1549.9166666666667,0.027650948975751384,RUNAWAY,0,1,111,NA,4,300,1,1,851,0.13556401914295088,0.338318000260056,0
0.625,3.33,0.1,0.03,11,2003,126,1612.5766666666666,0.020255367703447692,RUNAWAY,0,1,126,NA,4,300,1,1,733,0.13541553036643783,0.3086423124875931,0
0.625,3.33,0.1,0.03,11,2004,123,1532.7533333333333,0.022036596451701296,RUNAWAY,0,1,123,NA,3.0166666666666666,300,1,1,1451,0.21723631543368294,0.29121793219297964,0
0.625,3.33,0.1,0.03,11,2005,144,1583.51,0.03524027845314102,RUNAWAY,0,1,144,NA,3,300,1,1,1028,0.2063642121800907,0.2774000672480441,0
0.625,3.33,0.1,0.03,11,2006,142,1559.14,0.029293926993941104,RUNAWAY,0,1,142,NA,5,300,1,1,815,0.14297231944842545,0.26731304220735186,0
0.625,3.33,0.1,0.03,11,2007,124,1569.5433333333333,0.048440841603608696,RUNAWAY,0,1,124,NA,5,300,1,1,1108,0.18805695909613684,0.2739807713925194,0
0.625,3.33,0.1,0.03,11,2008,112,1544.6733333333334,0.1523925231224725,RUNAWAY,0,1,112,NA,5,300,1,1,1140,0.15623712018614375,0.31079400515631594,0
0.625,3.33,0.1,0.03,11,2009,85,1595.8566666666666,0.04217379589227938,RUNAWAY,0,1,85,NA,3,300,1,1,710,0.11415036763539414,0.21766305384652584,0
0.625,3.33,0.1,0.03,11,2010,162,1568.6466666666668,0.020270126690948034,RUNAWAY,0,1,162,NA,5,300,1,1,1126,0.18858188303253623,0.323266015572942,0
0.75,3.33,0.1,0.03,11,2001,117,1538.44,0.032710624615411285,RUNAWAY,0,1,117,NA,3,300,1,1,461,0.14960155948315434,0.14089378512620546,0
0.75,3.33,0.1,0.03,11,2002,122,1694.8966666666668,0.02518934290979391,RUNAWAY,0,1,122,NA,3,300,1,1,458,0.14115705275176185,0.13018895032921265,0
0.75,3.33,0.1,0.03,11,2003,131,1611.3566666666666,0.04517518364442385,RUNAWAY,0,1,131,NA,3,300,1,1,559,0.19973673859578248,0.21529755644475057,0
0.75,3.33,0.1,0.03,11,2004,108,1631.5166666666667,0.025724530344975533,RUNAWAY,0,1,108,NA,3,300,1,1,463,0.08939558623113994,0.13819834118470933,0
0.75,3.33,0.1,0.03,11,2005,137,1548.51,0.024726995628055356,RUNAWAY,0,1,137,NA,3,300,1,1,427,0.1174549903849304,0.12330452411871737,0
0.75,3.33,0.1,0.03,11,2006,125,1526.84,0.01146594709770943,RUNAWAY,0,1,125,NA,2,300,1,1,795,0.22379092289247735,0.24082469869870715,0
0.75,3.33,0.1,0.03,11,2007,137,1560.36,0.01949336477906808,RUNAWAY,0,1,137,NA,3,300,1,1,495,0.14750938210628126,0.15371201450060187,0
0.75,3.33,0.1,0.03,11,2008,115,1561.5933333333332,0.02180038336912299,RUNAWAY,0,1,115,NA,3,300,1,1,447,0.13266453363628616,0.16168120771388805,0
0.75,3.33,0.1,0.03,11,2009,116,1636.5366666666666,0.06755526406374437,RUNAWAY,0,1,116,NA,3,300,1,1,405,0.10235548744750073,0.21647418055241402,0
0.75,3.33,0.1,0.03,11,2010,128,1567.26,0.022140551025356354,RUNAWAY,0,1,128,NA,3,300,1,1,404,0.08911196785100436,0.13249670486084245,0
0.875,3.33,0.1,0.03,11,2001,121,1539.3433333333332,0.03611063592051156,RUNAWAY,0,1,121,NA,1,300,1,1,323,0.03722433087904396,0.02327218509614738,0
0.875,3.33,0.1,0.03,11,2002,156,1615.0933333333332,0.01660585146782023,RUNAWAY,0,1,156,NA,1,300,1,1,278,0.05124401324000521,0.0316362183382709,0
0.875,3.33,0.1,0.03,11,2003,117,1626.5833333333333,0.010613248629540448,RUNAWAY,0,1,117,NA,1,300,1,1,327,0.03328377898542715,0.020717137040918796,0
0.875,3.33,0.1,0.03,11,2004,126,1505.4933333333333,0.020821524727221197,RUNAWAY,0,1,126,NA,1,300,1,1,297,0.03744918355917889,0.035355647570335796,0
0.875,3.33,0.1,0.03,11,2005,151,1513.5366666666666,0.017455804396325603,RUNAWAY,0,1,151,NA,1,300,1,1,266,0.036018386556806524,0.01803055047593046,0
0.875,3.33,0.1,0.03,11,2006,102,1512.03,0.023683392525280584,RUNAWAY,0,1,102,NA,1,300,1,1,362,0.039800536247509975,0.03614315642086286,0
0.875,3.33,0.1,0.03,11,2007,108,1529.3566666666666,0.014217307059395345,RUNAWAY,0,1,108,NA,1,300,1,1,314,0.0445735376384957,0.09437500001696122,0
0.875,3.33,0.1,0.03,11,2008,108,1686.21,0.00988805269410888,RUNAWAY,0,1,108,NA,1,300,1,1,313,0.03718311970086567,0.024570418113281964,0
0.875,3.33,0.1,0.03,11,2009,133,1598.6266666666668,0.018874533974995205,RUNAWAY,0,1,133,NA,1,300,1,1,283,0.033162750220336656,0.027465911381568217,0
0.875,3.33,0.1,0.03,11,2010,112,1630.1133333333332,0.019867739257393147,RUNAWAY,0,1,112,NA,1,300,1,1,302,0.03568093846649594,0.01762401882852216,0
1,3.33,0.1,0.03,11,2001,105,1604.15,0.004517449531943189,RUNAWAY,0,1,105,NA,1,300,0,1,345,0.04163732451966353,0,0
1,3.33,0.1,0.03,11,2002,113,1506.05,0.0053783074931111185,RUNAWAY,0,1,113,NA,1,300,0,1,233,0.04976770520888686,0,0
1,3.33,0.1,0.03,11,2003,99,1512.53,0.011270299872839987,RUNAWAY,0,1,99,NA,1,300,0,1,265,0.039866472388434666,0,0
1,3.33,0.1,0.03,11,2004,119,1517.02,0.021487301859347052,RUNAWAY,0,1,119,NA,1,300,0,1,318,0.043263461402398944,0,0
1,3.33,0.1,0.03,11,2005,121,1580.8566666666666,0.027402863848082368,RUNAWAY,0,1,121,NA,1,300,0,1,280,0.04703528227061247,0,0
1,3.33,0.1,0.03,11,2006,115,1523.6566666666668,0.03205227774411121,RUNAWAY,0,1,115,NA,1,300,0,1,343,0.035244587749756744,0,0
1,3.33,0.1,0.03,11,2007,132,1570.7133333333334,0.011328186344208789,RUNAWAY,0,1,132,NA,1,300,0,1,326,0.04414763653724174,0,0
1,3.33,0.1,0.03,11,2008,120,1553.8333333333333,0.025251528477957738,RUNAWAY,0,1,120,NA,1,300,0,1,290,0.05254312929898805,0,0
1,3.33,0.1,0.03,11,2009,127,1615.65,0.02772465158501738,RUNAWAY,0,1,127,NA,1,300,0,1,358,0.040211643830358385,0,0
1,3.33,0.1,0.03,11,2010,99,1550.9,0.008504739183699787,RUNAWAY,0,1,99,NA,1,300,0,1,314,0.03524422197308909,0,0
0,5.00,0.1,0.02,25,2001,600,190.41666666666666,0.9489715536105033,CONTROLLED,0,0,NA,NA,96.45666666666666,300,1,1,28633,0,6.859293667930351,0
0,5.00,0.1,0.02,25,2002,600,189.97333333333333,0.9555551656372824,CONTROLLED,0,0,NA,NA,84.07333333333334,300,1,1,24843,0,5.94802300572953,0
0,5.00,0.1,0.02,25,2003,600,192.40333333333334,0.9469863654475841,CONTROLLED,0,0,NA,NA,93.02,300,1,1,26648,0,6.528204784376184,0
0,5.00,0.1,0.02,25,2004,600,202.87666666666667,0.940094967385768,CONTROLLED,0,0,NA,NA,102.13333333333334,300,1,1,29776,0,7.402665091888595,0
0,5.00,0.1,0.02,25,2005,600,208.06333333333333,0.9312388855957321,CONTROLLED,0,0,NA,NA,84.09,300,1,1,24588,0,6.180059260775877,0
0,5.00,0.1,0.02,25,2006,600,203.30333333333334,0.9585512616615566,CONTROLLED,0,0,NA,NA,91.66666666666667,300,1,1,26647,0,6.867558041856541,0
0,5.00,0.1,0.02,25,2007,600,197,0.9528595600676819,CONTROLLED,0,0,NA,NA,82.76333333333334,300,1,1,23525,0,5.876499929133742,0
0,5.00,0.1,0.02,25,2008,600,192.21,0.9689575637757314,CONTROLLED,0,0,NA,NA,87.14666666666666,300,1,1,24730,0,6.077613774842915,0
0,5.00,0.1,0.02,25,2009,600,203.23333333333332,0.9479252091192389,CONTROLLED,0,0,NA,NA,79.51333333333334,300,1,1,23527,0,5.834095157451782,0
0,5.00,0.1,0.02,25,2010,600,195.85333333333332,0.9629484648376336,CONTROLLED,0,0,NA,NA,59.4,300,1,1,17341,0,4.532248750386104,0
0.125,5.00,0.1,0.02,25,2001,236,1590.0733333333333,0.11973661592127827,RUNAWAY,0,1,236,NA,20,300,1,1,3576,0.06371042473307265,1.586627921126121,0
0.125,5.00,0.1,0.02,25,2002,225,1619.6466666666668,0.0852428719021021,RUNAWAY,0,1,225,NA,21.003333333333334,300,1,1,4162,0.06938889717676308,1.4753673587636627,0
0.125,5.00,0.1,0.02,25,2003,235,1796.52,0.22217398080733863,RUNAWAY,0,1,235,NA,21.966666666666665,300,1,1,4111,0.07331796490434128,1.5984740139039373,0
0.125,5.00,0.1,0.02,25,2004,217,1788.7433333333333,0.10293259886363425,RUNAWAY,0,1,217,NA,20,300,1,1,4091,0.07021279200583684,1.378211003514017,0
0.125,5.00,0.1,0.02,25,2005,247,1656.4133333333334,0.11420861137719249,RUNAWAY,0,1,247,NA,23,300,1,1,4075,0.07163449423871986,1.5633062501028303,0
0.125,5.00,0.1,0.02,25,2006,204,1631.4366666666667,0.1532963788562637,RUNAWAY,0,1,204,NA,15.236666666666666,300,1,1,3342,0.060103981349461405,1.2914772497022025,0
0.125,5.00,0.1,0.02,25,2007,234,1875.4566666666667,0.089869667298809,RUNAWAY,0,1,234,NA,23.02,300,1,1,4335,0.07323653927340354,1.620321595220231,0
0.125,5.00,0.1,0.02,25,2008,193,1570.1933333333334,0.07274475754577993,RUNAWAY,0,1,193,NA,17,300,1,1,3702,0.0618253234210874,1.5234017684422176,0
0.125,5.00,0.1,0.02,25,2009,232,1547.88,0.13464222032715714,RUNAWAY,0,1,232,NA,22,300,1,1,4200,0.06891290483548038,1.5371263890406262,0
0.125,5.00,0.1,0.02,25,2010,217,1518.6133333333332,0.12660672894570485,RUNAWAY,0,1,217,NA,21.016666666666666,300,1,1,4331,0.07015805829905232,1.4351011076614018,0
0.25,5.00,0.1,0.02,25,2001,170,1619.4566666666667,0.07419566644780039,RUNAWAY,0,1,170,NA,10,300,1,1,1887,0.07514031694137822,0.7053292430897926,0
0.25,5.00,0.1,0.02,25,2002,160,1512.7533333333333,0.06335688127167681,RUNAWAY,0,1,160,NA,10,300,1,1,1860,0.07872595480973851,0.7790090940838759,0
0.25,5.00,0.1,0.02,25,2003,154,1688.7466666666667,0.12168985282971198,RUNAWAY,0,1,154,NA,9.006666666666666,300,1,1,1876,0.07639539354181252,0.701531457827719,0
0.25,5.00,0.1,0.02,25,2004,163,1732.3966666666668,0.05538185057694639,RUNAWAY,0,1,163,NA,11,300,1,1,2054,0.07419261832417512,0.8039059553389538,0
0.25,5.00,0.1,0.02,25,2005,178,1663.2033333333334,0.07267301452418125,RUNAWAY,0,1,178,NA,11,300,1,1,1918,0.0757256556456542,0.6995318724516336,0
0.25,5.00,0.1,0.02,25,2006,162,1735.0166666666667,0.11903055686304646,RUNAWAY,0,1,162,NA,13,300,1,1,1949,0.07653873108663127,0.7867997947266137,0
0.25,5.00,0.1,0.02,25,2007,180,1823.1166666666666,0.07178001042171374,RUNAWAY,0,1,180,NA,11,300,1,1,2279,0.07498581713715873,0.7472125403632657,0
0.25,5.00,0.1,0.02,25,2008,155,1674.7533333333333,0.10941710819105699,RUNAWAY,0,1,155,NA,11,300,1,1,2106,0.0780637193890333,0.8144773091491756,0
0.25,5.00,0.1,0.02,25,2009,142,1791.28,0.0850862697810132,RUNAWAY,0,1,142,NA,9,300,1,1,1925,0.07786957615538519,0.8213257006563168,0
0.25,5.00,0.1,0.02,25,2010,135,1648.25,0.08099701703827292,RUNAWAY,0,1,135,NA,9.006666666666666,300,1,1,1880,0.0681838153697101,0.6880101666004461,0
0.375,5.00,0.1,0.02,25,2001,134,1658.23,0.050576015791938794,RUNAWAY,0,1,134,NA,7,300,1,1,1552,0.09638367237726167,0.46033913585851616,0
0.375,5.00,0.1,0.02,25,2002,160,1563.03,0.039982171380800964,RUNAWAY,0,1,160,NA,6,300,1,1,1175,0.08371547153611121,0.5687435878568765,0
0.375,5.00,0.1,0.02,25,2003,129,1540.07,0.035002737970784875,RUNAWAY,0,1,129,NA,6,300,1,1,1315,0.08282726242457733,0.45891253048266645,0
0.375,5.00,0.1,0.02,25,2004,143,1620.7466666666667,0.040102915528645235,RUNAWAY,0,1,143,NA,7,300,1,1,1337,0.08907108757712817,0.47236649931715197,0
0.375,5.00,0.1,0.02,25,2005,146,1694.51,0.08075097422460377,RUNAWAY,0,1,146,NA,7,300,1,1,1262,0.0863377904530114,0.41813636447495334,0
0.375,5.00,0.1,0.02,25,2006,119,1675.4466666666667,0.05811783524393495,RUNAWAY,0,1,119,NA,6,300,1,1,1127,0.078391242367354,0.38076785831986537,0
0.375,5.00,0.1,0.02,25,2007,178,1571.4833333333333,0.033953059211572933,RUNAWAY,0,1,178,NA,8,300,1,1,1330,0.09362364646538572,0.5364007887779105,0
0.375,5.00,0.1,0.02,25,2008,156,1692.3733333333332,0.06710103365687634,RUNAWAY,0,1,156,NA,7,300,1,1,1177,0.08297641122634929,0.4240245748036134,0
0.375,5.00,0.1,0.02,25,2009,135,1597.98,0.04624588543035582,RUNAWAY,0,1,135,NA,6.026666666666666,300,1,1,1298,0.07807753120118698,0.44131068683437846,0
0.375,5.00,0.1,0.02,25,2010,152,1595.1433333333334,0.041091396175474304,RUNAWAY,0,1,152,NA,6.03,300,1,1,1275,0.08123015376598451,0.44701355733105325,0
0.5,5.00,0.1,0.02,25,2001,119,1579.5333333333333,0.0351242983159583,RUNAWAY,0,1,119,NA,5,300,1,1,932,0.08244061905429766,0.2531002326409115,0
0.5,5.00,0.1,0.02,25,2002,129,1710.53,0.06231207091759084,RUNAWAY,0,1,129,NA,4,300,1,1,656,0.08350723406639611,0.32279038059224224,0
0.5,5.00,0.1,0.02,25,2003,111,1599,0.03568688763810715,RUNAWAY,0,1,111,NA,4,300,1,1,854,0.07655346969342641,0.21087744756769705,0
0.5,5.00,0.1,0.02,25,2004,132,1523.3533333333332,0.03235406099701098,RUNAWAY,0,1,132,NA,4.016666666666667,300,1,1,914,0.09073319579226413,0.30636016350388573,0
0.5,5.00,0.1,0.02,25,2005,131,1588.54,0.038922532640034244,RUNAWAY,0,1,131,NA,5,300,1,1,824,0.08564831885303337,0.3147256022522716,0
0.5,5.00,0.1,0.02,25,2006,140,1635.8066666666666,0.020597381108606965,RUNAWAY,0,1,140,NA,4,300,1,1,940,0.08432901751057663,0.2524234103260072,0
0.5,5.00,0.1,0.02,25,2007,121,1513.4566666666667,0.04154947724524653,RUNAWAY,0,1,121,NA,4,300,1,1,926,0.08590201328431384,0.2450772567322165,0
0.5,5.00,0.1,0.02,25,2008,144,1666.99,0.0815101870237174,RUNAWAY,0,1,144,NA,5.156666666666666,300,1,1,938,0.09548987514462441,0.3519766364405128,0
0.5,5.00,0.1,0.02,25,2009,129,1531.7966666666666,0.03180578797447007,RUNAWAY,0,1,129,NA,4,300,1,1,824,0.08014790328563641,0.33090783322816086,0
0.5,5.00,0.1,0.02,25,2010,147,1571.4866666666667,0.032951812084522934,RUNAWAY,0,1,147,NA,5,300,1,1,924,0.08831662752595408,0.3218875266281803,0
0.625,5.00,0.1,0.02,25,2001,130,1621.1733333333334,0.040374050070730666,RUNAWAY,0,1,130,NA,4,300,1,1,625,0.09501385484168658,0.22429716811259842,0
0.625,5.00,0.1,0.02,25,2002,143,1578.5733333333333,0.09587348914209455,RUNAWAY,0,1,143,NA,3,300,1,1,509,0.07892390128106724,0.22568645998070194,0
0.625,5.00,0.1,0.02,25,2003,116,1617.9133333333334,0.022737105819429965,RUNAWAY,0,1,116,NA,2.26,300,1,1,716,0.10127654261552362,0.14506007349734432,0
0.625,5.00,0.1,0.02,25,2004,118,1663.2833333333333,0.04376083449402287,RUNAWAY,0,1,118,NA,2,300,1,1,454,0.072260635549293,0.1411278247419673,0
0.625,5.00,0.1,0.02,25,2005,151,1558.7066666666667,0.03666715139902312,RUNAWAY,0,1,151,NA,2,300,1,1,453,0.07802064530417806,0.22205409617925165,0
0.625,5.00,0.1,0.02,25,2006,127,1564.4066666666668,0.0693915904219278,RUNAWAY,0,1,127,NA,3,300,1,1,505,0.08324920548042848,0.22448703506422446,0
0.625,5.00,0.1,0.02,25,2007,144,1643.4466666666667,0.031452191938081346,RUNAWAY,0,1,144,NA,3,300,1,1,605,0.09296869233652598,0.19047084530981284,0
0.625,5.00,0.1,0.02,25,2008,93,1601.1033333333332,0.023941823450911975,RUNAWAY,0,1,93,NA,3,300,1,1,480,0.0791577638883335,0.19354577249958435,0
0.625,5.00,0.1,0.02,25,2009,108,1511.7433333333333,0.051690873450740096,RUNAWAY,0,1,108,NA,3,300,1,1,511,0.07821118501745336,0.13530607987122023,0
0.625,5.00,0.1,0.02,25,2010,137,1580.4966666666667,0.023237421148204467,RUNAWAY,0,1,137,NA,3,300,1,1,581,0.09455109211629646,0.14538521581413455,0
0.75,5.00,0.1,0.02,25,2001,122,1602.68,0.023161204981655727,RUNAWAY,0,1,122,NA,1,300,1,1,339,0.046939679589462324,0.11549827854992403,0
0.75,5.00,0.1,0.02,25,2002,152,1560.67,0.040373685660645746,RUNAWAY,0,1,152,NA,3,300,1,1,394,0.05582462866405472,0.1090998638876495,0
0.75,5.00,0.1,0.02,25,2003,116,1598.0566666666666,0.024702920422096004,RUNAWAY,0,1,116,NA,2,300,1,1,327,0.023797309983825187,0.08165690262474597,0
0.75,5.00,0.1,0.02,25,2004,146,1582.5933333333332,0.03807674323578599,RUNAWAY,0,1,146,NA,2,300,1,1,389,0.09629595019609806,0.12891434361228746,0
0.75,5.00,0.1,0.02,25,2005,154,1535.6466666666668,0.05144412560180944,RUNAWAY,0,1,154,NA,2,300,1,1,299,0.030544004807630632,0.1199696035007454,0
0.75,5.00,0.1,0.02,25,2006,145,1545.0866666666666,0.01692677433412581,RUNAWAY,0,1,145,NA,2,300,1,1,378,0.03134182431879375,0.10985880414636551,0
0.75,5.00,0.1,0.02,25,2007,143,1594.58,0.04034500202770217,RUNAWAY,0,1,143,NA,2,300,1,1,367,0.03260942129269554,0.10289019309345611,0
0.75,5.00,0.1,0.02,25,2008,99,1545.5133333333333,0.025549224205981186,RUNAWAY,0,1,99,NA,1,300,1,1,331,0.029808500459711392,0.0853763874541082,0
0.75,5.00,0.1,0.02,25,2009,131,1529.2633333333333,0.01635863890893001,RUNAWAY,0,1,131,NA,2,300,1,1,303,0.03021889749834273,0.12057388627164901,0
0.75,5.00,0.1,0.02,25,2010,164,1674.3366666666666,0.037863751017816014,RUNAWAY,0,1,164,NA,2,300,1,1,312,0.038324551097328206,0.11069485712482113,0
0.875,5.00,0.1,0.02,25,2001,125,1549.18,0.02367704204805123,RUNAWAY,0,1,125,NA,1,300,1,1,294,0.0218958796233768,0.017778204036810935,0
0.875,5.00,0.1,0.02,25,2002,126,1648.5466666666666,0.021639262057084625,RUNAWAY,0,1,126,NA,1,300,1,1,318,0.028210553141461887,0.014853553813739213,0
0.875,5.00,0.1,0.02,25,2003,144,1619.8833333333334,0.020186638955480334,RUNAWAY,0,1,144,NA,1,300,1,1,306,0.020640869283972706,0.01705686424251415,0
0.875,5.00,0.1,0.02,25,2004,107,1518.7,0.03967428282961304,RUNAWAY,0,1,107,NA,1,300,1,1,323,0.021867314842330277,0.020728788695249318,0
0.875,5.00,0.1,0.02,25,2005,128,1585.2133333333334,0.013255839382291343,RUNAWAY,0,1,128,NA,1,300,1,1,258,0.02100950135738464,0.013443204172176659,0
0.875,5.00,0.1,0.02,25,2006,139,1650.69,0.010839911390590198,RUNAWAY,0,1,139,NA,1,300,1,1,384,0.026219198427225667,0.01920152913054937,0
0.875,5.00,0.1,0.02,25,2007,148,1511.8866666666668,0.01761595886816913,RUNAWAY,0,1,148,NA,1,300,1,1,298,0.025396581287492084,0.011087880473048864,0
0.875,5.00,0.1,0.02,25,2008,113,1689.55,0.025957602122853224,RUNAWAY,0,1,113,NA,1,300,1,1,292,0.024407361540272576,0.021854971563786338,0
0.875,5.00,0.1,0.02,25,2009,158,1582.04,0.010821471012110945,RUNAWAY,0,1,158,NA,1,300,1,1,293,0.018211945463394386,0.008811617216550254,0
0.875,5.00,0.1,0.02,25,2010,600,0,0,EXTINCT,1,0,NA,281,1,300,1,1,285,0.023299060139522567,0.01131882944308786,0
1,5.00,0.1,0.02,25,2001,129,1567.27,0.025681599213919746,RUNAWAY,0,1,129,NA,1,300,0,1,318,0.027387490763204642,0,0
1,5.00,0.1,0.02,25,2002,131,1611.7566666666667,0.02019328806871178,RUNAWAY,0,1,131,NA,1,300,0,1,373,0.030722749527723803,0,0
1,5.00,0.1,0.02,25,2003,135,1551.7566666666667,0.009376470108071067,RUNAWAY,0,1,135,NA,1,300,0,1,321,0.02781817095275795,0,0
1,5.00,0.1,0.02,25,2004,130,1595.48,0.005083109785143029,RUNAWAY,0,1,130,NA,1,300,0,1,321,0.024866699934279077,0,0
1,5.00,0.1,0.02,25,2005,600,0,0,EXTINCT,1,0,NA,263,1,300,0,1,252,0.023140567537832696,0,0
1,5.00,0.1,0.02,25,2006,122,1677.9733333333334,0.006958791558070053,RUNAWAY,0,1,122,NA,1,300,0,1,346,0.036115728722234425,0,0
1,5.00,0.1,0.02,25,2007,129,1587.1933333333334,0.027969707534053822,RUNAWAY,0,1,129,NA,1,300,0,1,318,0.02955625345353871,0,0
1,5.00,0.1,0.02,25,2008,111,1545.7366666666667,0.016460328516500224,RUNAWAY,0,1,111,NA,1,300,0,1,324,0.025492877686459407,0,0
1,5.00,0.1,0.02,25,2009,97,1536.4066666666668,0.020116201873635886,RUNAWAY,0,1,97,NA,1,300,0,1,336,0.026452495472296403,0,0
1,5.00,0.1,0.02,25,2010,138,1584.6833333333334,0.02718313858709942,RUNAWAY,0,1,138,NA,1,300,0,1,303,0.02662840955635378,0,0
