phi,ratio,theta,sigma_s,k_star,seed,horizon,stopped_at,copies_per_genome,silenced_fraction,outcome,extinct,saturated,entries_per_genome,max_genomes_with_repertoire,saw_nonzero_entry,hash,stopped_at_600,copies_per_genome_600,silenced_fraction_600,outcome_600,extinct_600,saturated_600,entries_per_genome_600,max_genomes_with_repertoire_600,saw_nonzero_entry_600,hash_600,saturation_generation,extinction_generation,captures,mean_displacement,mean_abs_s,max_abs_entry
0,2.00,0.1,0.05,4,3001,1800,1800,346.79,0.9235175947018849,CONTROLLED,0,0,838.4266666666666,300,1,45498242,600,363.23333333333335,0.919831146187024,CONTROLLED,0,0,241.26666666666668,300,1,e48d3047,NA,NA,233695,0,30.09847662061176,60.60662724867681
0,2.00,0.1,0.05,4,3002,1800,1800,332.3933333333333,0.9337230991395736,CONTROLLED,0,0,836.6133333333333,300,1,cfcae9cd,600,344.29333333333335,0.9322089690961196,CONTROLLED,0,0,250.22,300,1,17083b3d,NA,NA,235236,0,30.35824129091611,61.34466316197935
0,2.00,0.1,0.05,4,3003,1800,1800,357.72333333333336,0.9317629080201646,CONTROLLED,0,0,850.12,300,1,bce9677a,600,350.8666666666667,0.9206441193235797,CONTROLLED,0,0,250.32333333333332,300,1,a5d3af39,NA,NA,236996,0,30.433612855088818,61.379344611974325
0,2.00,0.1,0.05,4,3004,1800,1800,333.71666666666664,0.9242970583828597,CONTROLLED,0,0,835.1133333333333,300,1,c8ecdd4d,600,352.50666666666666,0.9172497919661093,CONTROLLED,0,0,253.7,300,1,c4f03fce,NA,NA,234879,0,30.20610677205002,60.840401885027106
0,2.00,0.1,0.05,4,3005,1800,1800,355.49666666666667,0.9270410411724442,CONTROLLED,0,0,854.6,300,1,c321f0c6,600,337.9533333333333,0.904454263902314,CONTROLLED,0,0,248.06,300,1,a6efb4b1,NA,NA,239201,0,30.863901983105617,62.73094663276718
0,2.00,0.1,0.05,4,3006,1800,1800,361.82666666666665,0.920109076169068,CONTROLLED,0,0,848.3666666666667,300,1,2bb21e24,600,364.66333333333336,0.9255386246675016,CONTROLLED,0,0,243.94,300,1,6fba0b1c,NA,NA,235254,0,30.384466656733608,62.157789247721475
0,2.00,0.1,0.05,4,3007,1800,1800,325.75333333333333,0.9298344350531077,CONTROLLED,0,0,820.78,300,1,c9a999fa,600,336.83666666666664,0.9406834172843416,CONTROLLED,0,0,232.52666666666667,300,1,4462d3d4,NA,NA,229613,0,29.431089589149156,60.25363393186696
0,2.00,0.1,0.05,4,3008,1800,1800,324.2,0.9353793954349168,CONTROLLED,0,0,822.2933333333333,300,1,3c1388d0,600,343.81666666666666,0.9417615977507392,CONTROLLED,0,0,231.61,300,1,bd0f640c,NA,NA,230976,0,29.816713979619564,60.766026178650165
0,2.00,0.1,0.05,4,3009,1800,1800,346.69,0.9121116847904468,CONTROLLED,0,0,840.9533333333334,300,1,19b578a6,600,332.81,0.9287281031219013,CONTROLLED,0,0,252.82,300,1,855a6d9a,NA,NA,234095,0,30.07344023431985,61.61045621633582
0,2.00,0.1,0.05,4,3010,1800,1800,368.7266666666667,0.9280948851000741,CONTROLLED,0,0,853.7433333333333,300,1,bdd25e01,600,334.51666666666665,0.9403916097852624,CONTROLLED,0,0,253.66333333333333,300,1,893a1b4c,NA,NA,236736,0,30.444377015107545,61.174035083413855
0.001,2.00,0.1,0.05,4,3001,1800,1800,401.48333333333335,0.8957615509153556,CONTROLLED,0,0,856.08,300,1,8b8bc610,600,357.4266666666667,0.9224083261834596,CONTROLLED,0,0,252.51666666666668,300,1,102b19d1,NA,NA,235133,0.030336125303441236,30.33612530344057,61.75758760047452
0.001,2.00,0.1,0.05,4,3002,1800,1800,410.80333333333334,0.9011367970074894,CONTROLLED,0,0,849.6933333333334,300,1,61b527ee,600,351.78333333333336,0.9245179324394751,CONTROLLED,0,0,242.84,300,1,0fc511eb,NA,NA,235756,0.030437606068532217,30.437606068533178,62.004677783547805
0.001,2.00,0.1,0.05,4,3003,1800,1800,406.96666666666664,0.9205995577033336,CONTROLLED,0,0,854.8366666666667,300,1,d803f3ef,600,353.15,0.9192411156732266,CONTROLLED,0,0,248.12,300,1,cd70987b,NA,NA,235371,0.030220130265440064,30.22013026543975,61.50512651389803
0.001,2.00,0.1,0.05,4,3004,1800,1800,401.95,0.9127088775552514,CONTROLLED,0,0,830.4,300,1,60997201,600,351.9033333333333,0.9153176535222741,CONTROLLED,0,0,229.59666666666666,300,1,551ad47b,NA,NA,231502,0.029939227151592536,29.9392271515928,60.539540773416356
0.001,2.00,0.1,0.05,4,3005,1800,1800,403.1533333333333,0.9119111008218543,CONTROLLED,0,0,844.39,300,1,47eb8d83,600,347.47,0.9260751527709826,CONTROLLED,0,0,249.85333333333332,300,1,684d65d1,NA,NA,236094,0.03042214827623786,30.4221482762384,61.74009695007029
0.001,2.00,0.1,0.05,4,3006,1800,1800,400.1166666666667,0.8919981672012329,CONTROLLED,0,0,867.46,300,1,879a4322,600,358.7033333333333,0.9164490618988765,CONTROLLED,0,0,249.51666666666668,300,1,b48cc373,NA,NA,237207,0.03065318391553279,30.653183915532775,62.42381243749922
0.001,2.00,0.1,0.05,4,3007,1800,1800,404.6666666666667,0.8982619439868205,CONTROLLED,0,0,854.67,300,1,335cf3da,600,362.0933333333333,0.9259214935375778,CONTROLLED,0,0,245.30666666666667,300,1,092176a4,NA,NA,235150,0.03024786329878958,30.2478632987894,62.09417597716108
0.001,2.00,0.1,0.05,4,3008,1800,1800,390.41333333333336,0.9144240292339743,CONTROLLED,0,0,837.8433333333334,300,1,65c2cad8,600,353.99,0.9250543800672335,CONTROLLED,0,0,236.59333333333333,300,1,59fad870,NA,NA,234587,0.03024391308430367,30.243913084303337,62.330016332667164
0.001,2.00,0.1,0.05,4,3009,1800,1800,402.55,0.9100401606425703,CONTROLLED,0,0,822.4933333333333,300,1,50ff779f,600,362.07666666666665,0.9262126805556834,CONTROLLED,0,0,230.89666666666668,300,1,5c259e21,NA,NA,231899,0.02988966464654479,29.88966464654383,60.35600058471987
0.001,2.00,0.1,0.05,4,3010,1800,1800,387.15,0.9288733910198459,CONTROLLED,0,0,837.3033333333333,300,1,34c6eaa6,600,382.36333333333334,0.9158479282357966,CONTROLLED,0,0,246.20333333333335,300,1,932bfe65,NA,NA,232661,0.030114842618415176,30.114842618414382,61.27726192978781
0.002,2.00,0.1,0.05,4,3001,1800,1800,478.7033333333333,0.859732193216397,CONTROLLED,0,0,854.8433333333334,300,1,7f662694,600,351.3566666666667,0.9246919085070251,CONTROLLED,0,0,241.57666666666665,300,1,a11c44c4,NA,NA,227493,0.059945887735048435,29.972943867525114,61.43983214008109
0.002,2.00,0.1,0.05,4,3002,1800,1800,509.59,0.8745200389855897,CONTROLLED,0,0,858.9433333333334,300,1,3c7ab5ae,600,396.68666666666667,0.9226761675881888,CONTROLLED,0,0,253.29333333333332,300,1,af2a2adc,NA,NA,230857,0.06050968104600877,30.25484052300487,62.35224153060067
0.002,2.00,0.1,0.05,4,3003,1800,1800,476.4433333333333,0.8400649255245465,CONTROLLED,0,0,855.82,300,1,4c212aec,600,379.38,0.9101165058780115,CONTROLLED,0,0,246.53666666666666,300,1,258f729c,NA,NA,231212,0.060982754124437225,30.491377062218266,63.47814994583125
0.002,2.00,0.1,0.05,4,3004,1800,1800,493.6,0.8728254997298758,CONTROLLED,0,0,864.15,300,1,5b076b4e,600,370.54,0.9328007772440222,CONTROLLED,0,0,251.16333333333333,300,1,92f2256a,NA,NA,232772,0.06084817683394723,30.424088416974104,63.210323246739065
0.002,2.00,0.1,0.05,4,3005,1800,1800,494.4866666666667,0.8604950588489073,CONTROLLED,0,0,852.4166666666666,300,1,a87d1f36,600,375.17,0.9315066058942169,CONTROLLED,0,0,245.43666666666667,300,1,6a405423,NA,NA,227456,0.0595505529396584,29.775276469828793,61.32033999613823
0.002,2.00,0.1,0.05,4,3006,1800,1800,472.96,0.8728363216057735,CONTROLLED,0,0,865.6333333333333,300,1,2c2c6b93,600,359.4166666666667,0.9250915835845119,CONTROLLED,0,0,253.93333333333334,300,1,f2dbe260,NA,NA,229624,0.06006643013217801,30.0332150660886,61.74502449357764
0.002,2.00,0.1,0.05,4,3007,1800,1800,504.9433333333333,0.8675164869985411,CONTROLLED,0,0,856.8166666666667,300,1,52038e41,600,356.86333333333334,0.930953959966,CONTROLLED,0,0,241.26666666666668,300,1,45ddeb7e,NA,NA,227555,0.059968981603004096,29.98449080150264,61.42976693076948
0.002,2.00,0.1,0.05,4,3008,1800,1800,474.69,0.8617202806041838,CONTROLLED,0,0,858.3133333333334,300,1,b5a7f025,600,375.0733333333333,0.9356925756740904,CONTROLLED,0,0,251.22666666666666,300,1,decf50ee,NA,NA,229968,0.06038001537660924,30.19000768830403,62.961331922307636
0.002,2.00,0.1,0.05,4,3009,1800,1800,498.00666666666666,0.8614877980214455,CONTROLLED,0,0,857.3066666666666,300,1,961fd49a,600,374.55333333333334,0.9315629282879163,CONTROLLED,0,0,252.33333333333334,300,1,6c2bdd56,NA,NA,230413,0.06064952781601585,30.324763908009366,62.06076746712674
0.002,2.00,0.1,0.05,4,3010,1800,1800,483.0733333333333,0.8597245414774844,CONTROLLED,0,0,857,300,1,11bc1702,600,365.06333333333333,0.9174389831901314,CONTROLLED,0,0,250.97666666666666,300,1,29613417,NA,NA,230733,0.06067769798172515,30.33884899086232,62.3211728485034
0.004,2.00,0.1,0.05,4,3001,1800,1800,539.6066666666667,0.7243300675800892,CONTROLLED,0,0,840.0533333333333,300,1,f24e1b2c,600,399.31666666666666,0.9040777995742727,CONTROLLED,0,0,250,300,1,20efa02f,NA,NA,205364,0.1126871011317884,28.171775282947,60.801500781935964
0.004,2.00,0.1,0.05,4,3002,1800,1800,625.85,0.6728555830736864,CONTROLLED,0,0,857.9533333333334,300,1,d010f41b,600,430.06,0.8950766559704847,CONTROLLED,0,0,262.6766666666667,300,1,d0f6f7a0,NA,NA,208281,0.11493421609031133,28.73355402257942,61.5585887709849
0.004,2.00,0.1,0.05,4,3003,1800,1800,599.79,0.6599087458388214,CONTROLLED,0,0,839.04,300,1,1d7352fd,600,406.72333333333336,0.9033331421031495,CONTROLLED,0,0,247.51,300,1,d8602518,NA,NA,202644,0.11113154114725184,27.7828852868129,60.8486707714835
0.004,2.00,0.1,0.05,4,3004,1800,1800,432.17,0.7459024612228212,CONTROLLED,0,0,833.9666666666667,300,1,cfce7eca,600,415.7033333333333,0.9086207311303734,CONTROLLED,0,0,251.78666666666666,300,1,ea9e7405,NA,NA,206286,0.11272060783904596,28.180151959762508,60.203345450415036
0.004,2.00,0.1,0.05,4,3005,1800,1800,457.5233333333333,0.5683280269858733,CONTROLLED,0,0,843.3133333333334,300,1,06bdc762,600,384.38666666666666,0.9031183877345729,CONTROLLED,0,0,259.7,300,1,df072fa9,NA,NA,207026,0.11319028368996381,28.297570922490564,61.0665399482446
0.004,2.00,0.1,0.05,4,3006,1800,1800,531.0533333333333,0.6348452132868011,CONTROLLED,0,0,824.2566666666667,300,1,472c57e7,600,390.43333333333334,0.8997524118500811,CONTROLLED,0,0,243.51666666666668,300,1,df555692,NA,NA,200842,0.11097061251647847,27.74265312912004,59.539429776174565
0.004,2.00,0.1,0.05,4,3007,1800,1800,561.4066666666666,0.7797259265416632,CONTROLLED,0,0,842.1066666666667,300,1,4d635da6,600,423.63666666666666,0.9038326868149593,CONTROLLED,0,0,255.09,300,1,9097bfe7,NA,NA,206996,0.11401833179061902,28.504582947655123,60.88795856222698
0.004,2.00,0.1,0.05,4,3008,1800,1800,736.6266666666667,0.6859648487700689,CONTROLLED,0,0,838.58,300,1,00d12eaa,600,413.3066666666667,0.918260855539067,CONTROLLED,0,0,248.23666666666668,300,1,72196516,NA,NA,206111,0.11302906572713795,28.257266431783947,61.6351353061838
0.004,2.00,0.1,0.05,4,3009,1800,1800,602.81,0.6521291949370448,CONTROLLED,0,0,822.9066666666666,300,1,4976a722,600,418.1433333333333,0.8990617252457291,CONTROLLED,0,0,240.07666666666665,300,1,44e84d26,NA,NA,204029,0.11179025616135524,27.947564040338634,60.317445177316884
0.004,2.00,0.1,0.05,4,3010,1800,1800,547.7766666666666,0.5675670741725642,CONTROLLED,0,0,817.1566666666666,300,1,f319d40e,600,419.5,0.8849900675407231,CONTROLLED,0,0,232.64666666666668,300,1,f9b39973,NA,NA,201087,0.11056152259001634,27.640380647503758,61.48383765630581
0.008,2.00,0.1,0.05,4,3001,1800,1271,1549.45,0.479516387535362,RUNAWAY,0,1,554.2066666666667,300,1,c133db7b,600,517.88,0.8292525939084987,CONTROLLED,0,0,246.07333333333332,300,1,ef169360,1271,NA,123522,0.14186892658682052,17.733615823353034,40.55381143979423
0.008,2.00,0.1,0.05,4,3002,1800,1358,1564.51,0.33744963811885725,RUNAWAY,0,1,594.6766666666666,300,1,31a5a00e,600,515.9966666666667,0.8336164962305959,CONTROLLED,0,0,242.50666666666666,300,1,b33816d4,1358,NA,129453,0.14910654892203426,18.63831861525383,42.97451829017979
0.008,2.00,0.1,0.05,4,3003,1800,1160,1503.68,0.4649437823650422,RUNAWAY,0,1,509.97333333333336,300,1,a3ec3add,600,527.66,0.8027391375759643,CONTROLLED,0,0,257.00333333333333,300,1,6dbf090d,1160,NA,116552,0.1322349883545849,16.529373544322997,37.97715208454663
0.008,2.00,0.1,0.05,4,3004,1800,1174,1524.9733333333334,0.3127748681944165,RUNAWAY,0,1,521.6166666666667,300,1,d72e5187,600,504.1933333333333,0.8225614512951381,CONTROLLED,0,0,256.74,300,1,4f7cdc2c,1174,NA,121221,0.13684430508515324,17.105538135645254,37.50294906089033
0.008,2.00,0.1,0.05,4,3005,1800,1331,1542.33,0.3863267480586731,RUNAWAY,0,1,574.0333333333333,300,1,1044fab0,600,505.30333333333334,0.8495029388288223,CONTROLLED,0,0,245.63333333333333,300,1,cd6762a7,1331,NA,125324,0.1435077424225556,17.93846780281962,41.58127377342233
0.008,2.00,0.1,0.05,4,3006,1800,1300,1523.2266666666667,0.469855657288913,RUNAWAY,0,1,574.1466666666666,300,1,09df8a14,600,557.4,0.816050711637364,CONTROLLED,0,0,259.81666666666666,300,1,1c37a8ce,1300,NA,125155,0.1439889553992834,17.998619424910796,41.711764815564656
0.008,2.00,0.1,0.05,4,3007,1800,1269,1562.56,0.5050728718683869,RUNAWAY,0,1,547.9133333333333,300,1,7304f27b,600,474.80333333333334,0.817215548893928,CONTROLLED,0,0,249.08,300,1,8c023d81,1269,NA,122059,0.14066106062431577,17.58263257803985,40.82455207435288
0.008,2.00,0.1,0.05,4,3008,1800,1251,1578.4366666666667,0.32043519854032787,RUNAWAY,0,1,565.3666666666667,300,1,137c91ee,600,562.0266666666666,0.8020082083886886,CONTROLLED,0,0,269.49666666666667,300,1,8fb08a0f,1251,NA,123462,0.14127440300815453,17.659300376019274,39.90116757646702
0.008,2.00,0.1,0.05,4,3009,1800,1424,1636.4966666666667,0.40543518776899434,RUNAWAY,0,1,614.95,300,1,63d0b172,600,514.7266666666667,0.8230193371239104,CONTROLLED,0,0,247.72,300,1,ae539421,1424,NA,132003,0.15283687610385055,19.10460951298067,44.15682476724472
0.008,2.00,0.1,0.05,4,3010,1800,1219,1587.4433333333334,0.3817606087776362,RUNAWAY,0,1,514.2733333333333,300,1,4ded8c4b,600,419.4533333333333,0.807121968276169,CONTROLLED,0,0,239.08333333333334,300,1,37f21fca,1219,NA,118880,0.13539153394707842,16.923941743384574,37.23109843281516
0.016,2.00,0.1,0.05,4,3001,1800,707,1541.85,0.3232502080833631,RUNAWAY,0,1,288.02666666666664,300,1,07599cf4,600,593.79,0.5615060318743439,CONTROLLED,0,0,241.57666666666665,300,1,df0deb7c,707,NA,61891,0.14416069753961863,9.01004359622599,20.924614802428618
0.016,2.00,0.1,0.05,4,3002,1800,696,1518.5433333333333,0.3596714395155006,RUNAWAY,0,1,282.92333333333335,300,1,5bdd6a63,600,697.3066666666666,0.5373580251634862,CONTROLLED,0,0,245.00666666666666,300,1,3b810f0e,696,NA,61484,0.14387732300776568,8.99233268798533,20.6101528038447
0.016,2.00,0.1,0.05,4,3003,1800,702,1534.7366666666667,0.3707780487857852,RUNAWAY,0,1,283.2266666666667,300,1,649a7dad,600,857.6533333333333,0.5684037062371743,CONTROLLED,0,0,240.98666666666668,300,1,86cd929f,702,NA,61931,0.1427315792536725,8.920723703354547,21.026886306069386
0.016,2.00,0.1,0.05,4,3004,1800,647,1650.86,0.35681402420556557,RUNAWAY,0,1,263.08666666666664,300,1,fe6181b7,600,527.4633333333334,0.46166242203249513,CONTROLLED,0,0,243.49333333333334,300,1,dc43824d,647,NA,59873,0.13865885133532257,8.666178208457694,19.84301591377169
0.016,2.00,0.1,0.05,4,3005,1800,727,1579.4666666666667,0.3210092014182002,RUNAWAY,0,1,301.01666666666665,300,1,5df5f32b,600,836.1566666666666,0.3835884024923559,CONTROLLED,0,0,248.02,300,1,dc55d7a4,727,NA,63690,0.1510615845872,9.441349036700364,22.111758777975968
0.016,2.00,0.1,0.05,4,3006,1800,721,1622.89,0.2783717113708672,RUNAWAY,0,1,304.05333333333334,300,1,0542d748,600,698.0666666666667,0.4718174004393086,CONTROLLED,0,0,251.45333333333335,300,1,8def34f4,721,NA,65675,0.1516699554518764,9.479372215742314,22.2593595310319
0.016,2.00,0.1,0.05,4,3007,1800,755,1694.62,0.23948141766295689,RUNAWAY,0,1,297.12666666666667,300,1,ff45808a,600,697.82,0.4338702435202965,CONTROLLED,0,0,232.23333333333332,300,1,37aebf8d,755,NA,62622,0.14451639189162102,9.032274493226387,22.2345581524286
0.016,2.00,0.1,0.05,4,3008,1800,732,1559.94,0.371601899218346,RUNAWAY,0,1,290.1533333333333,300,1,d393727a,600,702.6166666666667,0.48010057641672793,CONTROLLED,0,0,233.71333333333334,300,1,4e1e5b1c,732,NA,61241,0.14205073427014775,8.878170891884226,21.68696962917689
0.016,2.00,0.1,0.05,4,3009,1800,638,1507.6133333333332,0.3705238301598111,RUNAWAY,0,1,261.13,300,1,3930c2a1,600,952.1566666666666,0.6714371234425707,CONTROLLED,0,0,244.02666666666667,300,1,f9200eab,638,NA,60441,0.141173662992222,8.82335393701403,19.66172180651688
0.016,2.00,0.1,0.05,4,3010,1800,684,1781.4966666666667,0.33336763657523916,RUNAWAY,0,1,265.2866666666667,300,1,7763fb12,600,472.01,0.4476953171896076,CONTROLLED,0,0,233.62,300,1,a98805bd,684,NA,61310,0.1403770696101075,8.773566850631719,20.233846025934252
0.032,2.00,0.1,0.05,4,3001,1800,426,1550.8633333333332,0.35509898787557037,RUNAWAY,0,1,162,300,1,133b6495,426,1550.8633333333332,0.35509898787557037,RUNAWAY,0,1,162,300,1,133b6495,426,NA,34336,0.1544232243167408,4.82572575989816,11.83137412673634
0.032,2.00,0.1,0.05,4,3002,1800,429,1589.8033333333333,0.2825527685814388,RUNAWAY,0,1,153.17333333333335,300,1,af3c4d73,429,1589.8033333333333,0.2825527685814388,RUNAWAY,0,1,153.17333333333335,300,1,af3c4d73,429,NA,32819,0.14850961336547097,4.640925417670941,11.254118515023578
0.032,2.00,0.1,0.05,4,3003,1800,405,1660.6,0.3298245614035088,RUNAWAY,0,1,148.10666666666665,300,1,09433983,405,1660.6,0.3298245614035088,RUNAWAY,0,1,148.10666666666665,300,1,09433983,405,NA,32596,0.15384694541410146,4.807717044190641,10.855376034916857
0.032,2.00,0.1,0.05,4,3004,1800,423,1704.6866666666667,0.24028071629976966,RUNAWAY,0,1,155.23,300,1,11ea6992,423,1704.6866666666667,0.24028071629976966,RUNAWAY,0,1,155.23,300,1,11ea6992,423,NA,33720,0.1584678489133005,4.952120278540624,11.417390299943051
0.032,2.00,0.1,0.05,4,3005,1800,395,1618.0466666666666,0.3685287198144265,RUNAWAY,0,1,146.05333333333334,300,1,07d39a1d,395,1618.0466666666666,0.3685287198144265,RUNAWAY,0,1,146.05333333333334,300,1,07d39a1d,395,NA,29985,0.1419266490332356,4.435207782288576,10.589080793422681
0.032,2.00,0.1,0.05,4,3006,1800,401,1713.5366666666666,0.2141321749753434,RUNAWAY,0,1,139.06,300,1,5e629c67,401,1713.5366666666666,0.2141321749753434,RUNAWAY,0,1,139.06,300,1,5e629c67,401,NA,32521,0.14844126994876053,4.638789685898782,10.751046153192709
0.032,2.00,0.1,0.05,4,3007,1800,419,1514.6433333333334,0.40752168277240186,RUNAWAY,0,1,162.49,300,1,f6486a2e,419,1514.6433333333334,0.40752168277240186,RUNAWAY,0,1,162.49,300,1,f6486a2e,419,NA,33179,0.159440636081347,4.982519877542117,12.376924575775753
0.032,2.00,0.1,0.05,4,3008,1800,398,1621.8733333333332,0.46006058837311586,RUNAWAY,0,1,137.04,300,1,3387063e,398,1621.8733333333332,0.46006058837311586,RUNAWAY,0,1,137.04,300,1,3387063e,398,NA,30792,0.1440408977062074,4.501278053319022,10.459161641344501
0.032,2.00,0.1,0.05,4,3009,1800,421,1515.9333333333334,0.2745723206825278,RUNAWAY,0,1,156.08333333333334,300,1,7f2d6ef5,421,1515.9333333333334,0.2745723206825278,RUNAWAY,0,1,156.08333333333334,300,1,7f2d6ef5,421,NA,34766,0.1602234487976449,5.0069827749264695,12.184483133402258
0.032,2.00,0.1,0.05,4,3010,1800,401,1540.98,0.5860426481849212,RUNAWAY,0,1,144.22,300,1,d0f927c9,401,1540.98,0.5860426481849212,RUNAWAY,0,1,144.22,300,1,d0f927c9,401,NA,31186,0.14269167371007854,4.459114803439951,10.660715322150976
0.064,2.00,0.1,0.05,4,3001,1800,261,1637.4,0.25067790399413703,RUNAWAY,0,1,80.02,300,1,4f27ab5a,261,1637.4,0.25067790399413703,RUNAWAY,0,1,80.02,300,1,4f27ab5a,261,NA,17431,0.16739769774663749,2.6155890272911955,6.195750598278971
0.064,2.00,0.1,0.05,4,3002,1800,250,1514.22,0.267323550518859,RUNAWAY,0,1,71.41666666666667,300,1,7096303e,250,1514.22,0.267323550518859,RUNAWAY,0,1,71.41666666666667,300,1,7096303e,250,NA,15581,0.14111441133802008,2.204912677156565,5.2165266731215105
0.064,2.00,0.1,0.05,4,3003,1800,238,1566.9633333333334,0.27001695423632543,RUNAWAY,0,1,62.013333333333335,300,1,43b32d92,238,1566.9633333333334,0.27001695423632543,RUNAWAY,0,1,62.013333333333335,300,1,43b32d92,238,NA,15550,0.1425756026416095,2.2277437912751727,5.220306290968719
0.064,2.00,0.1,0.05,4,3004,1800,268,1553.4533333333334,0.40622183693963554,RUNAWAY,0,1,74.18333333333334,300,1,39a48a49,268,1553.4533333333334,0.40622183693963554,RUNAWAY,0,1,74.18333333333334,300,1,39a48a49,268,NA,15760,0.14731944275714173,2.3018662930803497,5.545620821705544
0.064,2.00,0.1,0.05,4,3005,1800,253,1713.6333333333334,0.1708436266023459,RUNAWAY,0,1,70.00333333333333,300,1,9f0ae86c,253,1713.6333333333334,0.1708436266023459,RUNAWAY,0,1,70.00333333333333,300,1,9f0ae86c,253,NA,16434,0.15129678570464902,2.364012276635133,5.948581760406337
0.064,2.00,0.1,0.05,4,3006,1800,243,1528.13,0.3837609801958385,RUNAWAY,0,1,77.01333333333334,300,1,5872c888,243,1528.13,0.3837609801958385,RUNAWAY,0,1,77.01333333333334,300,1,5872c888,243,NA,16065,0.1482109277775998,2.315795746524988,5.714511439875719
0.064,2.00,0.1,0.05,4,3007,1800,237,1668.7433333333333,0.2396813570291417,RUNAWAY,0,1,69.14666666666666,300,1,6734dc4b,237,1668.7433333333333,0.2396813570291417,RUNAWAY,0,1,69.14666666666666,300,1,6734dc4b,237,NA,16105,0.15131565649067705,2.3643071326668115,5.286049485740332
0.064,2.00,0.1,0.05,4,3008,1800,254,1645.9866666666667,0.2623006261695113,RUNAWAY,0,1,72.02333333333333,300,1,0a16c514,254,1645.9866666666667,0.2623006261695113,RUNAWAY,0,1,72.02333333333333,300,1,0a16c514,254,NA,15731,0.14659891338116016,2.290608021580661,5.410744109429246
0.064,2.00,0.1,0.05,4,3009,1800,229,1505.5366666666666,0.44068892377247537,RUNAWAY,0,1,67.98666666666666,300,1,b567f44c,229,1505.5366666666666,0.44068892377247537,RUNAWAY,0,1,67.98666666666666,300,1,b567f44c,229,NA,15205,0.14416359762977263,2.252556212965184,5.107450762933637
0.064,2.00,0.1,0.05,4,3010,1800,248,1580.6266666666668,0.22376357056694812,RUNAWAY,0,1,67.05666666666667,300,1,5670cac4,248,1580.6266666666668,0.22376357056694812,RUNAWAY,0,1,67.05666666666667,300,1,5670cac4,248,NA,16033,0.14972585255632356,2.3394664461925005,5.8994853653246
0.125,2.00,0.1,0.05,4,3001,1800,179,1779.6333333333334,0.19633632396186482,RUNAWAY,0,1,38.013333333333335,300,1,0dff2df5,179,1779.6333333333334,0.19633632396186482,RUNAWAY,0,1,38.013333333333335,300,1,0dff2df5,179,NA,9399,0.1717410795836807,1.3739286366694456,2.8814172568321745
0.125,2.00,0.1,0.05,4,3002,1800,173,1638.9233333333334,0.22576000097625068,RUNAWAY,0,1,34.03,300,1,fb174bde,173,1638.9233333333334,0.22576000097625068,RUNAWAY,0,1,34.03,300,1,fb174bde,173,NA,8975,0.16848913697968157,1.3479130958374517,2.965060105974128
0.125,2.00,0.1,0.05,4,3003,1800,170,1628.5966666666666,0.23107624355528994,RUNAWAY,0,1,37.61333333333334,300,1,fd3d4c5c,170,1628.5966666666666,0.23107624355528994,RUNAWAY,0,1,37.61333333333334,300,1,fd3d4c5c,170,NA,8091,0.14952707623600564,1.1962166098880451,2.9857948075392273
0.125,2.00,0.1,0.05,4,3004,1800,167,1558.51,0.358506950014223,RUNAWAY,0,1,36.04666666666667,300,1,059874e5,167,1558.51,0.358506950014223,RUNAWAY,0,1,36.04666666666667,300,1,059874e5,167,NA,8300,0.15377921753007825,1.2302337402406252,2.8847921777035825
0.125,2.00,0.1,0.05,4,3005,1800,174,1676.64,0.1630980214397048,RUNAWAY,0,1,31.01,300,1,7c6d5f66,174,1676.64,0.1630980214397048,RUNAWAY,0,1,31.01,300,1,7c6d5f66,174,NA,7124,0.13192354833678024,1.0553883866942428,3.2679260789530016
0.125,2.00,0.1,0.05,4,3006,1800,159,1613.4733333333334,0.3357332628160366,RUNAWAY,0,1,39,300,1,e256afa9,159,1613.4733333333334,0.3357332628160366,RUNAWAY,0,1,39,300,1,e256afa9,159,NA,8062,0.15370097232721258,1.2296077786177009,3.114575526773761
0.125,2.00,0.1,0.05,4,3007,1800,166,1563.6766666666667,0.27959318102847347,RUNAWAY,0,1,37.04666666666667,300,1,bdf37458,166,1563.6766666666667,0.27959318102847347,RUNAWAY,0,1,37.04666666666667,300,1,bdf37458,166,NA,9440,0.17158767111224957,1.3727013688979959,2.7644225715886335
0.125,2.00,0.1,0.05,4,3008,1800,204,1520.5433333333333,0.5618364488132531,RUNAWAY,0,1,42,300,1,cfef89f9,204,1520.5433333333333,0.5618364488132531,RUNAWAY,0,1,42,300,1,cfef89f9,204,NA,9130,0.16651576499261445,1.3321261199409145,3.1020409139624463
0.125,2.00,0.1,0.05,4,3009,1800,182,1678.84,0.2070020569758484,RUNAWAY,0,1,36.00666666666667,300,1,6daf1044,182,1678.84,0.2070020569758484,RUNAWAY,0,1,36.00666666666667,300,1,6daf1044,182,NA,8296,0.15514745636458824,1.2411796509167066,2.9639032587166882
0.125,2.00,0.1,0.05,4,3010,1800,164,1558.6033333333332,0.2070892529850443,RUNAWAY,0,1,34.18333333333333,300,1,ddf3e03b,164,1558.6033333333332,0.2070892529850443,RUNAWAY,0,1,34.18333333333333,300,1,ddf3e03b,164,NA,7893,0.1479982772314403,1.1839862178515224,2.9556121138791354
0,3.33,0.1,0.03,11,3001,1800,1800,250.89,0.9481446052054685,CONTROLLED,0,0,493.99666666666667,300,1,cdd33073,600,271.4066666666667,0.945297339785316,CONTROLLED,0,0,131.35333333333332,300,1,101f35b7,NA,NA,140439,0,17.33249627115698,35.77322315778832
0,3.33,0.1,0.03,11,3002,1800,1800,244,0.9473224043715847,CONTROLLED,0,0,499.97,300,1,17abf339,600,264.98,0.9358819533549702,CONTROLLED,0,0,143.84666666666666,300,1,f6c33d73,NA,NA,142426,0,17.6530132511218,35.58245405140789
0,3.33,0.1,0.03,11,3003,1800,1800,257.24,0.9367387135230394,CONTROLLED,0,0,505.8433333333333,300,1,cf9df95b,600,263.22333333333336,0.9441918776197652,CONTROLLED,0,0,150.07666666666665,300,1,f8533ff2,NA,NA,145397,0,17.742711153019144,35.80721981720376
0,3.33,0.1,0.03,11,3004,1800,1800,273.6166666666667,0.9364439300724858,CONTROLLED,0,0,495.4766666666667,300,1,61715ed8,600,264.4266666666667,0.9555894513916902,CONTROLLED,0,0,137.63,300,1,2aa0fac6,NA,NA,140570,0,17.300522826172564,35.78729397577558
0,3.33,0.1,0.03,11,3005,1800,1800,254.06333333333333,0.9400018368123434,CONTROLLED,0,0,504.89,300,1,e8f96d94,600,262.88666666666666,0.9454771384373494,CONTROLLED,0,0,146.99333333333334,300,1,44ed7a65,NA,NA,144991,0,17.715570983371503,36.2922419829097
0,3.33,0.1,0.03,11,3006,1800,1800,255.25,0.9323016650342801,CONTROLLED,0,0,489.55,300,1,c863be46,600,262.59,0.9434987369409853,CONTROLLED,0,0,138.08,300,1,907498a1,NA,NA,142238,0,17.41206973944408,35.323390827209685
0,3.33,0.1,0.03,11,3007,1800,1800,250.78333333333333,0.9507011364391573,CONTROLLED,0,0,493.4,300,1,b1fe6c8b,600,238.43666666666667,0.9423606548209867,CONTROLLED,0,0,136.35,300,1,dd54a6b0,NA,NA,142439,0,17.439345560847453,35.87267368713582
0,3.33,0.1,0.03,11,3008,1800,1800,249.34,0.9356701692468116,CONTROLLED,0,0,503.4166666666667,300,1,75e03511,600,265.04333333333335,0.9269176109566989,CONTROLLED,0,0,150.81333333333333,300,1,bd55a083,NA,NA,145061,0,17.757904973375418,36.28215750690235
0,3.33,0.1,0.03,11,3009,1800,1800,249.80333333333334,0.9387918495883428,CONTROLLED,0,0,490.31333333333333,300,1,a7dfc5c2,600,274.4033333333333,0.9459919097192697,CONTROLLED,0,0,137.27666666666667,300,1,3f750b85,NA,NA,139960,0,17.148232040622755,34.92169430159875
0,3.33,0.1,0.03,11,3010,1800,1800,233.31666666666666,0.9548110579327095,CONTROLLED,0,0,499,300,1,05e0e358,600,276.8566666666667,0.9516476636526723,CONTROLLED,0,0,142.85,300,1,4038ade0,NA,NA,141301,0,17.391233122903508,35.18281697289904
0.001,3.33,0.1,0.03,11,3001,1800,1800,305.5233333333333,0.9353895501707453,CONTROLLED,0,0,497.33666666666664,300,1,dfd92843,600,258.99333333333334,0.9361630930011069,CONTROLLED,0,0,131.67,300,1,01140c25,NA,NA,141696,0.017492381442310984,17.492381442310354,35.80687687649043
0.001,3.33,0.1,0.03,11,3002,1800,1800,308.10333333333335,0.9315381203275958,CONTROLLED,0,0,522.4533333333334,300,1,302e5609,600,298.82666666666665,0.929513207210423,CONTROLLED,0,0,146.36333333333334,300,1,17e718d1,NA,NA,147050,0.018184132702946214,18.184132702945963,36.383276977352104
0.001,3.33,0.1,0.03,11,3003,1800,1800,305.22333333333336,0.9367130079613835,CONTROLLED,0,0,536.5533333333333,300,1,f801f12f,600,283.83666666666664,0.9293960141395873,CONTROLLED,0,0,159.72666666666666,300,1,9604936c,NA,NA,149468,0.018389327804813334,18.389327804813398,37.38970581211742
0.001,3.33,0.1,0.03,11,3004,1800,1800,318.0733333333333,0.9197145312401752,CONTROLLED,0,0,516.84,300,1,99ab7f4e,600,274.73333333333335,0.9512739626304295,CONTROLLED,0,0,150.71333333333334,300,1,7075104d,NA,NA,145527,0.017847960729987466,17.847960729987037,36.049548185161974
0.001,3.33,0.1,0.03,11,3005,1800,1800,307.9433333333333,0.9451522466254614,CONTROLLED,0,0,505.0566666666667,300,1,884896f3,600,269.9766666666667,0.9391428888916327,CONTROLLED,0,0,146.42,300,1,99317dc8,NA,NA,144596,0.01785953714782973,17.859537147829997,35.81793207188826
0.001,3.33,0.1,0.03,11,3006,1800,1800,286.38,0.9352375631445399,CONTROLLED,0,0,497.3233333333333,300,1,fe275975,600,275.1566666666667,0.9314814590475728,CONTROLLED,0,0,135.48333333333332,300,1,9eea0cb9,NA,NA,142827,0.017611102015351075,17.611102015351655,35.75334670846337
0.001,3.33,0.1,0.03,11,3007,1800,1800,315.6,0.9328052386987749,CONTROLLED,0,0,525.06,300,1,23e021e6,600,264.1,0.9360469519121545,CONTROLLED,0,0,151.97666666666666,300,1,e17d52b6,NA,NA,147977,0.018241993254888216,18.24199325488827,37.06230238721393
0.001,3.33,0.1,0.03,11,3008,1800,1800,308.9166666666667,0.9393903425950904,CONTROLLED,0,0,511.1566666666667,300,1,6d0a6214,600,288.56666666666666,0.9379461707288899,CONTROLLED,0,0,144.6,300,1,b9309137,NA,NA,145700,0.017958624811206997,17.958624811206267,36.735057207152465
0.001,3.33,0.1,0.03,11,3009,1800,1800,311.89666666666665,0.9400869946242879,CONTROLLED,0,0,515.63,300,1,34edabfc,600,280.0733333333333,0.9466806312632405,CONTROLLED,0,0,140.72333333333333,300,1,a575ceac,NA,NA,144584,0.017766577139259086,17.766577139258608,36.13650408881555
0.001,3.33,0.1,0.03,11,3010,1800,1800,288.76,0.9345015468439766,CONTROLLED,0,0,487.12333333333333,300,1,2ce1e3f7,600,267.4066666666667,0.9352422028869886,CONTROLLED,0,0,121.84666666666666,300,1,e3787782,NA,NA,137302,0.016984920660611177,16.98492066061103,35.03656308858042
0.002,3.33,0.1,0.03,11,3001,1800,1800,402.56333333333333,0.9041889888961572,CONTROLLED,0,0,527.1033333333334,300,1,13e5b921,600,282.81666666666666,0.9192409688255053,CONTROLLED,0,0,146.55666666666667,300,1,5fc62895,NA,NA,144615,0.035983770042039655,17.991885021019947,37.02615774359121
0.002,3.33,0.1,0.03,11,3002,1800,1800,386.82666666666665,0.8869433337929132,CONTROLLED,0,0,507.1666666666667,300,1,c9733e30,600,276.01,0.9294228469982971,CONTROLLED,0,0,134.87,300,1,5bc3f2bc,NA,NA,141111,0.03496053962935082,17.480269814675015,35.792212886776156
0.002,3.33,0.1,0.03,11,3003,1800,1800,379.9166666666667,0.8906690063610441,CONTROLLED,0,0,529.6333333333333,300,1,c28a3a84,600,276.4433333333333,0.9399997588414745,CONTROLLED,0,0,153.17,300,1,0cf658fb,NA,NA,146537,0.036324806192765735,18.1624030963826,37.16813346749533
0.002,3.33,0.1,0.03,11,3004,1800,1800,394.80333333333334,0.8921910487077954,CONTROLLED,0,0,509.32666666666665,300,1,4fcc5b37,600,277.7966666666667,0.9354323905974393,CONTROLLED,0,0,134.30666666666667,300,1,f55b1139,NA,NA,141939,0.03507618236308917,17.538091181544708,36.56330445398507
0.002,3.33,0.1,0.03,11,3005,1800,1800,382.55333333333334,0.8800602966035237,CONTROLLED,0,0,534.8433333333334,300,1,c0cd8fa2,600,284.25666666666666,0.9446509609859634,CONTROLLED,0,0,155.34,300,1,c40c281b,NA,NA,145715,0.036128005365666946,18.064002682833447,37.4964022194877
0.002,3.33,0.1,0.03,11,3006,1800,1800,411.68,0.898367664205208,CONTROLLED,0,0,525.4333333333333,300,1,6db1f9d8,600,272.02666666666664,0.945887658072738,CONTROLLED,0,0,147.88333333333333,300,1,46075cd5,NA,NA,144970,0.035736895568595765,17.86844778429828,36.84154893960553
0.002,3.33,0.1,0.03,11,3007,1800,1800,367.75666666666666,0.9026892782365151,CONTROLLED,0,0,519.1866666666666,300,1,378157fa,600,288.81666666666666,0.9351145478677362,CONTROLLED,0,0,147.92666666666668,300,1,f3b46b1e,NA,NA,146014,0.03578447489901584,17.892237449507718,37.0124823353544
0.002,3.33,0.1,0.03,11,3008,1800,1800,374.28333333333336,0.8986062252304404,CONTROLLED,0,0,523.7,300,1,550ea033,600,276.7266666666667,0.9294490351490038,CONTROLLED,0,0,150.04666666666665,300,1,25c4d328,NA,NA,145165,0.035834683876157,17.917341938078177,36.53359250886636
0.002,3.33,0.1,0.03,11,3009,1800,1800,370.95,0.9117940423237633,CONTROLLED,0,0,514.0666666666667,300,1,43a42bb0,600,286.33666666666664,0.9451577979301754,CONTROLLED,0,0,125.33666666666667,300,1,bfae40b7,NA,NA,139999,0.034445567338820454,17.222783669410553,35.72636498974889
0.002,3.33,0.1,0.03,11,3010,1800,1800,404.8,0.8832674571805007,CONTROLLED,0,0,510.71,300,1,063a578f,600,285.09,0.9343482175219522,CONTROLLED,0,0,136.20333333333335,300,1,b00bbddf,NA,NA,142021,0.03489702820592652,17.44851410296364,36.6419573990704
0.004,3.33,0.1,0.03,11,3001,1800,1800,454.55,0.7876947897187695,CONTROLLED,0,0,534.4266666666666,300,1,3dfb78f0,600,314.3566666666667,0.9308428854697954,CONTROLLED,0,0,150.42,300,1,8278f408,NA,NA,131008,0.06743204364124154,16.858010910310526,37.21265408341466
0.004,3.33,0.1,0.03,11,3002,1800,1800,474.37,0.8419025936153917,CONTROLLED,0,0,518.7466666666667,300,1,a3b8a9c3,600,332.0366666666667,0.9286725361656845,CONTROLLED,0,0,141.90333333333334,300,1,ac92b514,NA,NA,127473,0.0660153937651141,16.50384844127862,35.99362055643128
0.004,3.33,0.1,0.03,11,3003,1800,1800,505.1,0.8034976572295915,CONTROLLED,0,0,531.0033333333333,300,1,012e0804,600,312.32,0.916229081284153,CONTROLLED,0,0,152.54666666666665,300,1,d8fe8732,NA,NA,127850,0.06631129390916068,16.57782347729027,36.65048228823588
0.004,3.33,0.1,0.03,11,3004,1800,1800,574.8433333333334,0.6637808562332925,CONTROLLED,0,0,525.4133333333333,300,1,93dc86c6,600,315,0.936952380952381,CONTROLLED,0,0,137.28666666666666,300,1,6fe32aca,NA,NA,126142,0.06469850928292678,16.174627320731517,36.531196308943265
0.004,3.33,0.1,0.03,11,3005,1800,1800,506.8933333333333,0.7879106715416787,CONTROLLED,0,0,525.1133333333333,300,1,2f435251,600,301.6066666666667,0.9226254945735063,CONTROLLED,0,0,141.96,300,1,835afe94,NA,NA,127575,0.06602720659393727,16.506801648484526,36.94104276708121
0.004,3.33,0.1,0.03,11,3006,1800,1800,495.13,0.7553369822066932,CONTROLLED,0,0,524.97,300,1,d8e047d3,600,318.64,0.9317725332663821,CONTROLLED,0,0,148.57333333333332,300,1,e85286bb,NA,NA,130283,0.06713201889324358,16.783004723310754,38.01637282188822
0.004,3.33,0.1,0.03,11,3007,1800,1800,602.6966666666667,0.6711225658014811,CONTROLLED,0,0,530.3333333333334,300,1,7992a956,600,335.88666666666666,0.9109818788083283,CONTROLLED,0,0,146.6,300,1,7cc93210,NA,NA,129998,0.06702068390563319,16.75517097640812,36.86493198661409
0.004,3.33,0.1,0.03,11,3008,1800,1800,501.76,0.8003162202380952,CONTROLLED,0,0,517.8166666666667,300,1,cef5e637,600,315.7733333333333,0.915012878436009,CONTROLLED,0,0,138.76,300,1,521551a3,NA,NA,126922,0.06600351983499884,16.50087995874957,36.573810447908684
0.004,3.33,0.1,0.03,11,3009,1800,1800,518.0833333333334,0.7235258163101174,CONTROLLED,0,0,518.3533333333334,300,1,6dd4ce5f,600,317.97,0.9369961526768773,CONTROLLED,0,0,133.45,300,1,f55a3593,NA,NA,126683,0.06554219597310311,16.385548993275503,35.75688391209413
0.004,3.33,0.1,0.03,11,3010,1800,1800,637.7933333333333,0.6890319748298822,CONTROLLED,0,0,526.87,300,1,052502d5,600,312.96,0.9203093047034765,CONTROLLED,0,0,139.32666666666665,300,1,82bc9b4d,NA,NA,127438,0.06632558955414634,16.58139738853711,36.28969616659098
0.008,3.33,0.1,0.03,11,3001,1800,1415,1503.5566666666666,0.6294076046352316,RUNAWAY,0,1,390.2266666666667,300,1,0cb88301,600,389.25,0.8992421323057161,CONTROLLED,0,0,142.25666666666666,300,1,df08b492,1415,NA,79611,0.08883616408102957,11.104520510128907,26.65896748674519
0.008,3.33,0.1,0.03,11,3002,1800,1411,1825.5066666666667,0.12049622753135203,RUNAWAY,0,1,399,300,1,d55447a6,600,402.41,0.9145150468427723,CONTROLLED,0,0,149.15666666666667,300,1,f73e3ce7,1411,NA,79172,0.08739914553831445,10.924893192289462,26.953879546262144
0.008,3.33,0.1,0.03,11,3003,1800,1417,1546.96,0.34761941700711935,RUNAWAY,0,1,408.03,300,1,37a1dccb,600,432.3933333333333,0.8941935583342328,CONTROLLED,0,0,150.92333333333335,300,1,51da7fd6,1417,NA,79868,0.08911437883550254,11.139297354437778,27.43547546458787
0.008,3.33,0.1,0.03,11,3004,1800,1554,1627.1466666666668,0.34124356747189355,RUNAWAY,0,1,441.03333333333336,300,1,41462315,600,409.5833333333333,0.8965127161749745,CONTROLLED,0,0,156.62333333333333,300,1,5666db60,1554,NA,83308,0.0930342965442287,11.629287068028617,29.94269703392479
0.008,3.33,0.1,0.03,11,3005,1800,1469,1718.49,0.22327935183407138,RUNAWAY,0,1,423.06666666666666,300,1,239a086a,600,406.08666666666664,0.8736640782755734,CONTROLLED,0,0,150.31666666666666,300,1,c5b65e69,1469,NA,81347,0.08977613199542367,11.222016499428372,28.480301703581425
0.008,3.33,0.1,0.03,11,3006,1800,1401,1674.44,0.16174362772031245,RUNAWAY,0,1,391.0466666666667,300,1,a09f88ea,600,408.78,0.879976189311284,CONTROLLED,0,0,145.27333333333334,300,1,7ffeba46,1401,NA,80162,0.08885026428710605,11.106283035888282,27.56928965779245
0.008,3.33,0.1,0.03,11,3007,1800,1335,1535.3666666666666,0.21986930374937583,RUNAWAY,0,1,392.18666666666667,300,1,d48ed7e1,600,411.95,0.8857871100861755,CONTROLLED,0,0,157.03,300,1,ef15b8a3,1335,NA,79982,0.08834828931553573,11.043536164441948,26.452143441071208
0.008,3.33,0.1,0.03,11,3008,1800,1451,1501.64,0.2823024604210508,RUNAWAY,0,1,406.11333333333334,300,1,ed71267c,600,389.7366666666667,0.8927053309499576,CONTROLLED,0,0,136.17,300,1,f026d6b6,1451,NA,79495,0.08843894000228182,11.054867500285438,27.324717900333354
0.008,3.33,0.1,0.03,11,3009,1800,1420,1743.6933333333334,0.22010368795736254,RUNAWAY,0,1,405.1566666666667,300,1,3d3b1c59,600,404.69666666666666,0.8672915516971559,CONTROLLED,0,0,152.39,300,1,511a9a72,1420,NA,79750,0.08818421914445139,11.023027393056603,27.595641795043687
0.008,3.33,0.1,0.03,11,3010,1800,1466,1667.3033333333333,0.17077476404013667,RUNAWAY,0,1,413,300,1,8048cbfd,600,418.5233333333333,0.8893649896063143,CONTROLLED,0,0,152.78333333333333,300,1,d846765b,1466,NA,81197,0.09072555807816707,11.340694759770876,29.231056627669037
0.016,3.33,0.1,0.03,11,3001,1800,840,1508.4666666666667,0.2430613868387325,RUNAWAY,0,1,221.01666666666668,300,1,f46b1d3a,600,566.6233333333333,0.8614835252107514,CONTROLLED,0,0,152.89333333333335,300,1,7ad4d902,840,NA,42349,0.09330435303524422,5.831522064702701,15.724214255246503
0.016,3.33,0.1,0.03,11,3002,1800,754,1653.2433333333333,0.41670816758170304,RUNAWAY,0,1,200.28333333333333,300,1,919879b5,600,588.7733333333333,0.5472507812853843,CONTROLLED,0,0,154.31,300,1,86cd4f84,754,NA,40305,0.08790598633461996,5.494124145913744,13.541953874550812
0.016,3.33,0.1,0.03,11,3003,1800,791,1547.2633333333333,0.41505755322838817,RUNAWAY,0,1,207.39666666666668,300,1,127b0b0c,600,570.7866666666666,0.6646032376369455,CONTROLLED,0,0,151.62,300,1,4e751d7a,791,NA,40096,0.09058858410953098,5.661786506845732,14.165817980610955
0.016,3.33,0.1,0.03,11,3004,1800,857,1555.2733333333333,0.2737375209502295,RUNAWAY,0,1,230,300,1,a1879232,600,527.9166666666666,0.5511791633780584,CONTROLLED,0,0,153.18666666666667,300,1,26bee510,857,NA,41211,0.093436634870015,5.839789679375966,15.256283690674351
0.016,3.33,0.1,0.03,11,3005,1800,819,1595.0466666666666,0.2565463079450131,RUNAWAY,0,1,207.02333333333334,300,1,38fd9d54,600,493.8,0.5823612798703929,CONTROLLED,0,0,148.15,300,1,a5051e75,819,NA,41663,0.0923037472685159,5.7689842042822965,14.700039572222964
0.016,3.33,0.1,0.03,11,3006,1800,766,1544.59,0.46556043998731056,RUNAWAY,0,1,200.35,300,1,7cc6c5d6,600,457.2033333333333,0.48384015864567914,CONTROLLED,0,0,155.02,300,1,491a9b39,766,NA,39475,0.08850186802428402,5.53136675151769,14.428462091885686
0.016,3.33,0.1,0.03,11,3007,1800,817,1541.3866666666668,0.2662862011695097,RUNAWAY,0,1,222.34,300,1,851d771c,600,568.3166666666667,0.5239625795477874,CONTROLLED,0,0,160.26666666666668,300,1,07443c3e,817,NA,40580,0.09273950976937956,5.796219360586088,14.806350941968542
0.016,3.33,0.1,0.03,11,3008,1800,787,1745.6,0.19686831652917813,RUNAWAY,0,1,200.03,300,1,8502b279,600,380.13666666666666,0.7170579002288651,CONTROLLED,0,0,152.00333333333333,300,1,73745dc9,787,NA,38899,0.08731607666561171,5.457254791600735,14.8509242061732
0.016,3.33,0.1,0.03,11,3009,1800,783,1528.79,0.3326574175219182,RUNAWAY,0,1,209.92333333333335,300,1,1c50cc82,600,592.5366666666666,0.5050714161148958,CONTROLLED,0,0,156.17333333333335,300,1,c97ac007,783,NA,40916,0.09351036591123917,5.844397869452469,14.623220831377438
0.016,3.33,0.1,0.03,11,3010,1800,774,1523.8733333333332,0.15746934347124214,RUNAWAY,0,1,202.00333333333333,300,1,75518f46,600,406.69666666666666,0.7517642141153521,CONTROLLED,0,0,151.01,300,1,3871d414,774,NA,40074,0.08901738879674333,5.563586799796402,14.138356314525442
0.032,3.33,0.1,0.03,11,3001,1800,427,1555.4033333333334,0.13786349092732647,RUNAWAY,0,1,103.05333333333333,300,1,7b926f79,427,1555.4033333333334,0.13786349092732647,RUNAWAY,0,1,103.05333333333333,300,1,7b926f79,427,NA,19728,0.08951209312293446,2.7972529100916934,7.535604990036878
0.032,3.33,0.1,0.03,11,3002,1800,436,1673.6133333333332,0.3721707921383673,RUNAWAY,0,1,98.00333333333333,300,1,41eda729,436,1673.6133333333332,0.3721707921383673,RUNAWAY,0,1,98.00333333333333,300,1,41eda729,436,NA,19383,0.08768257892111421,2.7400805912848085,6.65292461088257
0.032,3.33,0.1,0.03,11,3003,1800,448,1569.4166666666667,0.2707460309032018,RUNAWAY,0,1,97.04333333333334,300,1,52c17140,448,1569.4166666666667,0.2707460309032018,RUNAWAY,0,1,97.04333333333334,300,1,52c17140,448,NA,20489,0.08753822107554485,2.73556940861076,7.187573692001434
0.032,3.33,0.1,0.03,11,3004,1800,473,1661.6266666666668,0.16014628235785014,RUNAWAY,0,1,109.05666666666667,300,1,367f6be9,473,1661.6266666666668,0.16014628235785014,RUNAWAY,0,1,109.05666666666667,300,1,367f6be9,473,NA,21369,0.09788689491517943,3.0589654660993735,7.585507737982684
0.032,3.33,0.1,0.03,11,3005,1800,475,1718.7033333333334,0.24098011873292075,RUNAWAY,0,1,111.02666666666667,300,1,2485eefa,475,1718.7033333333334,0.24098011873292075,RUNAWAY,0,1,111.02666666666667,300,1,2485eefa,475,NA,20832,0.09400624005662209,2.9376950017694456,7.709156949091295
0.032,3.33,0.1,0.03,11,3006,1800,449,1671.59,0.25226082153319096,RUNAWAY,0,1,109,300,1,917d960a,449,1671.59,0.25226082153319096,RUNAWAY,0,1,109,300,1,917d960a,449,NA,20228,0.09320805258025686,2.9127516431330185,7.78205686969331
0.032,3.33,0.1,0.03,11,3007,1800,469,1611.0833333333333,0.22564320074484043,RUNAWAY,0,1,101.01333333333334,300,1,b28cb4c8,469,1611.0833333333333,0.22564320074484043,RUNAWAY,0,1,101.01333333333334,300,1,b28cb4c8,469,NA,19440,0.08661105593096842,2.7065954978427897,7.328590943618942
0.032,3.33,0.1,0.03,11,3008,1800,456,1631.22,0.2632589922471116,RUNAWAY,0,1,105.09666666666666,300,1,7a26a19b,456,1631.22,0.2632589922471116,RUNAWAY,0,1,105.09666666666666,300,1,7a26a19b,456,NA,20352,0.09312994919310792,2.910310912284614,7.723821900122698
0.032,3.33,0.1,0.03,11,3009,1800,427,1529.1466666666668,0.35493434246551453,RUNAWAY,0,1,94.51333333333334,300,1,d83a9920,427,1529.1466666666668,0.35493434246551453,RUNAWAY,0,1,94.51333333333334,300,1,d83a9920,427,NA,19564,0.08702323304242954,2.719476032575922,6.6560673128739305
0.032,3.33,0.1,0.03,11,3010,1800,426,1502,0.2187438970261873,RUNAWAY,0,1,103.04,300,1,5e5c8ff4,426,1502,0.2187438970261873,RUNAWAY,0,1,103.04,300,1,5e5c8ff4,426,NA,20424,0.09278230227644216,2.8994469461388506,7.116926017828358
0.064,3.33,0.1,0.03,11,3001,1800,297,1665.3666666666666,0.18538459998799064,RUNAWAY,0,1,49.00333333333333,300,1,438b9ec0,297,1665.3666666666666,0.18538459998799064,RUNAWAY,0,1,49.00333333333333,300,1,438b9ec0,297,NA,9920,0.09109467033728637,1.4233542240201023,3.861690415737977
0.064,3.33,0.1,0.03,11,3002,1800,286,1555.1,0.240370394186869,RUNAWAY,0,1,54,300,1,3e2672aa,286,1555.1,0.240370394186869,RUNAWAY,0,1,54,300,1,3e2672aa,286,NA,10181,0.09445489021027807,1.4758576595355994,3.8287327901255144
0.064,3.33,0.1,0.03,11,3003,1800,301,1779.9733333333334,0.35199965542554945,RUNAWAY,0,1,53.056666666666665,300,1,00043f37,301,1779.9733333333334,0.35199965542554945,RUNAWAY,0,1,53.056666666666665,300,1,00043f37,301,NA,10701,0.09414504611955556,1.4710163456180672,3.7553812169488516
0.064,3.33,0.1,0.03,11,3004,1800,309,1516.4333333333334,0.4940078693425362,RUNAWAY,0,1,55,300,1,faa56a65,309,1516.4333333333334,0.4940078693425362,RUNAWAY,0,1,55,300,1,faa56a65,309,NA,10835,0.09484573662826044,1.481964634816574,4.076258009612505
0.064,3.33,0.1,0.03,11,3005,1800,265,1615.1966666666667,0.21497278969124503,RUNAWAY,0,1,51,300,1,0fd19d60,265,1615.1966666666667,0.21497278969124503,RUNAWAY,0,1,51,300,1,0fd19d60,265,NA,10302,0.09401739746667409,1.4690218354167792,3.9520266374686774
0.064,3.33,0.1,0.03,11,3006,1800,294,1753.0733333333333,0.19544723362019462,RUNAWAY,0,1,52.016666666666666,300,1,11b7badf,294,1753.0733333333333,0.19544723362019462,RUNAWAY,0,1,52.016666666666666,300,1,11b7badf,294,NA,10639,0.09499591552781098,1.4843111801220472,3.865297376202022
0.064,3.33,0.1,0.03,11,3007,1800,297,1686.25,0.24481937237459847,RUNAWAY,0,1,49.45666666666666,300,1,35ef8a7f,297,1686.25,0.24481937237459847,RUNAWAY,0,1,49.45666666666666,300,1,35ef8a7f,297,NA,10117,0.09059326963273155,1.4155198380114293,3.563150848851
0.064,3.33,0.1,0.03,11,3008,1800,287,1557.28,0.2983021678824617,RUNAWAY,0,1,54.00333333333333,300,1,45cbb5fe,287,1557.28,0.2983021678824617,RUNAWAY,0,1,54.00333333333333,300,1,45cbb5fe,287,NA,10722,0.09435754125683349,1.4743365821380263,4.032745503293934
0.064,3.33,0.1,0.03,11,3009,1800,275,1653.4633333333334,0.11996234167071541,RUNAWAY,0,1,47.02,300,1,e3bfb513,275,1653.4633333333334,0.11996234167071541,RUNAWAY,0,1,47.02,300,1,e3bfb513,275,NA,10158,0.08465958290337271,1.3228059828651932,3.7337813293409345
0.064,3.33,0.1,0.03,11,3010,1800,317,1712.87,0.09056923954143241,RUNAWAY,0,1,52.03333333333333,300,1,d9b25662,317,1712.87,0.09056923954143241,RUNAWAY,0,1,52.03333333333333,300,1,d9b25662,317,NA,10697,0.09212276519969402,1.4394182062452228,4.241899655727634
0.125,3.33,0.1,0.03,11,3001,1800,172,1512.8866666666668,0.6307037760043713,RUNAWAY,0,1,26,300,1,402a848e,172,1512.8866666666668,0.6307037760043713,RUNAWAY,0,1,26,300,1,402a848e,172,NA,5650,0.09833151316411744,0.7866521053129397,1.8428500853102017
0.125,3.33,0.1,0.03,11,3002,1800,200,1542.7866666666666,0.2779386218876665,RUNAWAY,0,1,27.996666666666666,300,1,aca46f1f,200,1542.7866666666666,0.2779386218876665,RUNAWAY,0,1,27.996666666666666,300,1,aca46f1f,200,NA,5602,0.0972920701269842,0.7783365610158732,1.8608605955417779
0.125,3.33,0.1,0.03,11,3003,1800,195,1898.6766666666667,0.11058579396527055,RUNAWAY,0,1,27.003333333333334,300,1,d95d5eb0,195,1898.6766666666667,0.11058579396527055,RUNAWAY,0,1,27.003333333333334,300,1,d95d5eb0,195,NA,5789,0.10459659528421583,0.8367727622737268,1.941232277494142
0.125,3.33,0.1,0.03,11,3004,1800,175,1559.7,0.2177619627706183,RUNAWAY,0,1,28,300,1,4f9cdbac,175,1559.7,0.2177619627706183,RUNAWAY,0,1,28,300,1,4f9cdbac,175,NA,5576,0.101183338604056,0.8094667088324475,1.9724748090690576
0.125,3.33,0.1,0.03,11,3005,1800,177,1559.6633333333334,0.15720272964891996,RUNAWAY,0,1,26,300,1,c8c8b687,177,1559.6633333333334,0.15720272964891996,RUNAWAY,0,1,26,300,1,c8c8b687,177,NA,5306,0.0922610116956469,0.7380880935651752,2.092178117087658
0.125,3.33,0.1,0.03,11,3006,1800,195,1554.7666666666667,0.15429753660785112,RUNAWAY,0,1,30,300,1,ba0fd169,195,1554.7666666666667,0.15429753660785112,RUNAWAY,0,1,30,300,1,ba0fd169,195,NA,5510,0.10243504346497885,0.8194803477198308,2.1644106296018326
0.125,3.33,0.1,0.03,11,3007,1800,188,1788.9766666666667,0.17651990989262017,RUNAWAY,0,1,28.036666666666665,300,1,fb611ec4,188,1788.9766666666667,0.17651990989262017,RUNAWAY,0,1,28.036666666666665,300,1,fb611ec4,188,NA,5332,0.10022700645665017,0.8018160516532014,2.1381703496224866
0.125,3.33,0.1,0.03,11,3008,1800,196,1616.9866666666667,0.23544824117288124,RUNAWAY,0,1,27.063333333333333,300,1,2bb503ef,196,1616.9866666666667,0.23544824117288124,RUNAWAY,0,1,27.063333333333333,300,1,2bb503ef,196,NA,5823,0.1072876936898118,0.8583015495184944,2.2550692077965695
0.125,3.33,0.1,0.03,11,3009,1800,185,1504.27,0.17508603287087202,RUNAWAY,0,1,26.56,300,1,5b258aed,185,1504.27,0.17508603287087202,RUNAWAY,0,1,26.56,300,1,5b258aed,185,NA,5340,0.0937397687259393,0.7499181498075145,2.017960779906356
0.125,3.33,0.1,0.03,11,3010,1800,199,1837.9733333333334,0.13453042481573907,RUNAWAY,0,1,25.07,300,1,2502a21d,199,1837.9733333333334,0.13453042481573907,RUNAWAY,0,1,25.07,300,1,2502a21d,199,NA,5170,0.0918318574815946,0.7346548598527567,1.815266582135015
0,5.00,0.1,0.02,25,3001,1800,1800,190.78,0.9541181815005066,CONTROLLED,0,0,314.67333333333335,300,1,b5bdffa3,600,204.81333333333333,0.9531768765054358,CONTROLLED,0,0,74.65333333333334,300,1,e11e7899,NA,NA,90919,0,10.745905019052433,22.52657789317723
0,5.00,0.1,0.02,25,3002,1800,1800,183.51,0.9444535266016384,CONTROLLED,0,0,312.4266666666667,300,1,b2c90335,600,209.25333333333333,0.9338600739135976,CONTROLLED,0,0,70.49666666666667,300,1,f58a9467,NA,NA,90149,0,10.682007666786467,22.912530556163624
0,5.00,0.1,0.02,25,3003,1800,1800,118.66666666666667,0.965814606741573,CONTROLLED,0,0,164.46,300,1,0a21f4fb,600,127.61,0.9427422093357365,CONTROLLED,0,0,46.45333333333333,300,1,ee0a1fd7,NA,NA,48277,0,11.106344297720147,22.396267577114415
0,5.00,0.1,0.02,25,3004,1800,1800,205.50333333333333,0.9494087687142139,CONTROLLED,0,0,309.7266666666667,300,1,e86250f8,600,179.27333333333334,0.9572161689784686,CONTROLLED,0,0,78.29666666666667,300,1,2a1520a2,NA,NA,90017,0,10.63285125818076,22.709896796598436
0,5.00,0.1,0.02,25,3005,1800,1800,204.44,0.94239548685841,CONTROLLED,0,0,319.58666666666664,300,1,443fe953,600,194.84,0.9498391842879628,CONTROLLED,0,0,86.36333333333333,300,1,f019f94b,NA,NA,93122,0,10.934456253640489,22.566084340704357
0,5.00,0.1,0.02,25,3006,1800,1800,209.57333333333332,0.9533178521440386,CONTROLLED,0,0,318.9,300,1,2887881a,600,202.77666666666667,0.9656765242549274,CONTROLLED,0,0,85.61666666666666,300,1,5b0f492e,NA,NA,94257,0,11.162957571261417,23.073170735314992
0,5.00,0.1,0.02,25,3007,1800,1800,192.57,0.9569507192189853,CONTROLLED,0,0,310.01,300,1,1c9df93f,600,195.55333333333334,0.9561074557665428,CONTROLLED,0,0,76.71,300,1,eb86ed4c,NA,NA,90536,0,10.648466837502,22.59689354997862
0,5.00,0.1,0.02,25,3008,1800,1800,198.26666666666668,0.9524714189643577,CONTROLLED,0,0,322.54333333333335,300,1,e8488862,600,208.83,0.9562642659898801,CONTROLLED,0,0,92.07666666666667,300,1,9d5684c7,NA,NA,93283,0,11.055575814753608,23.506251344130394
0,5.00,0.1,0.02,25,3009,1800,1800,186.92333333333335,0.9646735738359755,CONTROLLED,0,0,305.99333333333334,300,1,f6b77a40,600,197.70666666666668,0.9547140544915026,CONTROLLED,0,0,72.45,300,1,8230f0e7,NA,NA,88687,0,10.459358343825716,22.200601992560074
0,5.00,0.1,0.02,25,3010,1800,1800,187.33666666666667,0.9519581502108504,CONTROLLED,0,0,307.3933333333333,300,1,c47e99c8,600,195.41,0.9477849990618017,CONTROLLED,0,0,74.40666666666667,300,1,cc9a7933,NA,NA,89884,0,10.525241026600892,21.448194976535678
0.001,5.00,0.1,0.02,25,3001,1800,1800,230.40666666666667,0.9454876884349411,CONTROLLED,0,0,335.97333333333336,300,1,2d742ab1,600,204.39666666666668,0.9416983316753371,CONTROLLED,0,0,87.64333333333333,300,1,9d5d9cda,NA,NA,95786,0.011269017698182058,11.269017698182477,22.768015847040576
0.001,5.00,0.1,0.02,25,3002,1800,1800,249.34333333333333,0.9459781024825208,CONTROLLED,0,0,339.48333333333335,300,1,bd77c84e,600,216.62333333333333,0.9428808838690815,CONTROLLED,0,0,94.35,300,1,0756df4a,NA,NA,98203,0.011391886803250097,11.391886803250209,23.40710302867448
0.001,5.00,0.1,0.02,25,3003,1800,1800,234.43,0.9519686047007635,CONTROLLED,0,0,339.91,300,1,ec9a8c1b,600,200.15333333333334,0.945275288945142,CONTROLLED,0,0,97.55333333333333,300,1,e2587c96,NA,NA,98880,0.011613708426032798,11.613708426032684,23.352533683185158
0.001,5.00,0.1,0.02,25,3004,1800,1800,233.54666666666665,0.9350308289563828,CONTROLLED,0,0,336.1433333333333,300,1,926520ff,600,204.34,0.9590225441258033,CONTROLLED,0,0,87.25333333333333,300,1,5747f2b5,NA,NA,96780,0.011230032538653484,11.23003253865332,22.89474686661657
0.001,5.00,0.1,0.02,25,3005,1800,1800,235.15333333333334,0.9470416465852068,CONTROLLED,0,0,335.3833333333333,300,1,cdb6adf8,600,205.87333333333333,0.9607363751173861,CONTROLLED,0,0,95.63666666666667,300,1,1fb9883a,NA,NA,97178,0.011350424946110663,11.350424946110403,22.977082068195312
0.001,5.00,0.1,0.02,25,3006,1800,1800,240.29666666666665,0.939200155363509,CONTROLLED,0,0,329.6333333333333,300,1,6e32b44e,600,200.03,0.9644886600343282,CONTROLLED,0,0,82.50333333333333,300,1,dc28ea79,NA,NA,96159,0.011150180228076572,11.150180228076373,22.69051529135564
0.001,5.00,0.1,0.02,25,3007,1800,1800,248.54,0.9423432847831335,CONTROLLED,0,0,318.04333333333335,300,1,aaeb73bb,600,214.53666666666666,0.9514302139494414,CONTROLLED,0,0,72.41,300,1,45c08ac5,NA,NA,90869,0.010686109523361818,10.686109523361692,22.690856325611065
0.001,5.00,0.1,0.02,25,3008,1800,1800,240.85,0.9514220469171684,CONTROLLED,0,0,345.61333333333334,300,1,2a086856,600,211.63333333333333,0.960529217199559,CONTROLLED,0,0,96.59666666666666,300,1,94d54c57,NA,NA,99087,0.011584962362874563,11.584962362874549,23.329805378022026
0.001,5.00,0.1,0.02,25,3009,1800,1800,255.52,0.9316687539135879,CONTROLLED,0,0,329.25666666666666,300,1,349d5f3e,600,199.56666666666666,0.9566894939034575,CONTROLLED,0,0,82.99333333333334,300,1,d28bc48d,NA,NA,93940,0.011022208902025953,11.022208902025955,22.500579691511714
0.001,5.00,0.1,0.02,25,3010,1800,1800,227.92333333333335,0.9593138043494157,CONTROLLED,0,0,304.14666666666665,300,1,ef80d61c,600,159.97333333333333,0.9527421236872812,CONTROLLED,0,0,65.07666666666667,300,1,33926312,NA,NA,88348,0.010411892344487748,10.41189234448776,22.35745683739085
0.002,5.00,0.1,0.02,25,3001,1800,1800,324.24666666666667,0.936622324567716,CONTROLLED,0,0,355.87333333333333,300,1,863444dc,600,231.30666666666667,0.9585543002075168,CONTROLLED,0,0,101.47666666666667,300,1,d020c3d1,NA,NA,101247,0.02359028995708278,11.795144978541355,23.964289017792513
0.002,5.00,0.1,0.02,25,3002,1800,1800,319.62333333333333,0.9075057098459646,CONTROLLED,0,0,339.1333333333333,300,1,af9c9079,600,227.56,0.9490244331165407,CONTROLLED,0,0,87.38333333333334,300,1,9d71f833,NA,NA,95892,0.022628120950425205,11.314060475212521,22.697588072370962
0.002,5.00,0.1,0.02,25,3003,1800,1800,300.93666666666667,0.9175241745217709,CONTROLLED,0,0,336.2,300,1,a9bdd237,600,215.56666666666666,0.9492500386578011,CONTROLLED,0,0,82.14,300,1,cf6467cb,NA,NA,95468,0.022412707854086493,11.20635392704346,23.385210262084268
0.002,5.00,0.1,0.02,25,3004,1800,1800,308.82666666666665,0.9308565754252656,CONTROLLED,0,0,335.59,300,1,07a705e7,600,214.92666666666668,0.9459815751108905,CONTROLLED,0,0,84.56333333333333,300,1,83f1461c,NA,NA,95417,0.0222858999868107,11.142949993405553,22.6035794729632
0.002,5.00,0.1,0.02,25,3005,1800,1800,225.40666666666667,0.9477832658010706,CONTROLLED,0,0,171.51333333333332,300,1,f975d26a,600,142.57333333333332,0.9555784157860282,CONTROLLED,0,0,43.05,300,1,dc8082ba,NA,NA,49961,0.021644473783816454,10.822236891908132,22.350042539238306
0.002,5.00,0.1,0.02,25,3006,1800,1800,296.6,0.921184535850753,CONTROLLED,0,0,316.8933333333333,300,1,4d59019f,600,205.17666666666668,0.9385082774194596,CONTROLLED,0,0,67.21,300,1,9c2f1ce6,NA,NA,90715,0.0213622632890937,10.681131644547081,22.50968578457965
0.002,5.00,0.1,0.02,25,3007,1800,1800,328.56666666666666,0.9193060768996653,CONTROLLED,0,0,350.04,300,1,6c929d40,600,244.61,0.9469086845727211,CONTROLLED,0,0,94.16666666666667,300,1,44218c1c,NA,NA,97871,0.022901706027215987,11.45085301360805,23.139133865805288
0.002,5.00,0.1,0.02,25,3008,1800,1800,324.5733333333333,0.937579591669063,CONTROLLED,0,0,352.0133333333333,300,1,66e573da,600,221.82666666666665,0.9559415760052894,CONTROLLED,0,0,96.12333333333333,300,1,d5039645,NA,NA,99582,0.023186529982920895,11.593264991460279,23.765536675792475
0.002,5.00,0.1,0.02,25,3009,1800,1800,296.7133333333333,0.9081268115127957,CONTROLLED,0,0,330.3333333333333,300,1,be88ed74,600,218.90333333333334,0.9514245252851334,CONTROLLED,0,0,80.4,300,1,8967ba66,NA,NA,95134,0.022156532159285012,11.078266079642571,22.390532585863852
0.002,5.00,0.1,0.02,25,3010,1800,1800,320.7633333333333,0.9232975506344241,CONTROLLED,0,0,339.88666666666666,300,1,00121e1f,600,225.28333333333333,0.9430346970481616,CONTROLLED,0,0,89.1,300,1,77d1649c,NA,NA,97132,0.02262140542079112,11.310702710395656,22.954287225818945
0.004,5.00,0.1,0.02,25,3001,1800,1800,420.75,0.8696454743513568,CONTROLLED,0,0,349.39666666666665,300,1,bce231ad,600,240.79333333333332,0.9489188515739638,CONTROLLED,0,0,83.63666666666667,300,1,b8f9efc9,NA,NA,88717,0.04278447571344705,10.696118928361686,23.02687878317038
0.004,5.00,0.1,0.02,25,3002,1800,1800,452.29333333333335,0.8211042980956311,CONTROLLED,0,0,352.89,300,1,afba22de,600,249.61666666666667,0.9232556586766375,CONTROLLED,0,0,89.36,300,1,ec62003d,NA,NA,90695,0.04374526195960133,10.93631548990033,23.66471238020166
0.004,5.00,0.1,0.02,25,3003,1800,1800,431.73,0.8684594538253075,CONTROLLED,0,0,352.86,300,1,c4b1c5e2,600,250.43,0.932263174007374,CONTROLLED,0,0,91.08666666666667,300,1,8aece3b7,NA,NA,90110,0.043219816969037476,10.804954242259306,23.18476026717077
0.004,5.00,0.1,0.02,25,3004,1800,1800,339.4766666666667,0.9388961440648842,CONTROLLED,0,0,185.73,300,1,8c6cae9a,600,165.54333333333332,0.9449288202484747,CONTROLLED,0,0,45.87,300,1,4dd21618,NA,NA,47689,0.04462304022474021,11.155760056185017,23.505719107646595
0.004,5.00,0.1,0.02,25,3005,1800,1800,413.14666666666665,0.8229523010391789,CONTROLLED,0,0,349.21,300,1,05e84c8e,600,250.62333333333333,0.9387527099099578,CONTROLLED,0,0,85.83666666666667,300,1,838a1b1f,NA,NA,89278,0.042959499820914224,10.739874955228547,22.87218844576153
0.004,5.00,0.1,0.02,25,3006,1800,1800,388.14,0.8540560965974476,CONTROLLED,0,0,355.3833333333333,300,1,c38f072f,600,248.73333333333332,0.9249798981506299,CONTROLLED,0,0,92.81,300,1,71cf3896,NA,NA,90224,0.0437228414158766,10.930710353969255,23.74528245054076
0.004,5.00,0.1,0.02,25,3007,1800,1800,430.17333333333335,0.8460078108049468,CONTROLLED,0,0,357.48,300,1,d9f01d27,600,249.93333333333334,0.9565884235796213,CONTROLLED,0,0,88.21,300,1,9e214ed1,NA,NA,89753,0.04316623981008117,10.791559952520283,23.859269526007893
0.004,5.00,0.1,0.02,25,3008,1800,1800,430.10333333333335,0.8355898970014958,CONTROLLED,0,0,368.05333333333334,300,1,9f851f62,600,259.1566666666667,0.9416440505742987,CONTROLLED,0,0,102.49,300,1,486a0b14,NA,NA,92417,0.04475032582284768,11.187581455711818,24.50939635706205
0.004,5.00,0.1,0.02,25,3009,1800,1800,297.91333333333336,0.8712824758878421,CONTROLLED,0,0,359.97,300,1,5ab1178e,600,248.54333333333332,0.9540388664619182,CONTROLLED,0,0,93.03666666666666,300,1,ce40ea66,NA,NA,90540,0.04359757643632752,10.899394109081978,23.7954744336429
0.004,5.00,0.1,0.02,25,3010,1800,1800,426.6433333333333,0.8529060182978757,CONTROLLED,0,0,364.98,300,1,4fb68977,600,235.72,0.9446801289665705,CONTROLLED,0,0,97.63666666666667,300,1,d0e905e7,NA,NA,91034,0.04434900901237734,11.087252253094212,23.55538656133699
0.008,5.00,0.1,0.02,25,3001,1800,1685,1559.3733333333332,0.13751891785589082,RUNAWAY,0,1,326.05333333333334,300,1,43d4c606,600,327.62,0.904808416254604,CONTROLLED,0,0,99.14,300,1,fe80ed06,1685,NA,58811,0.06135396174998743,7.669245218748429,22.64277818633368
0.008,5.00,0.1,0.02,25,3002,1800,1699,1829.5,0.15854787282499772,RUNAWAY,0,1,320,300,1,cf62a55c,600,328.66333333333336,0.9115609691781864,CONTROLLED,0,0,99.7,300,1,cbc19557,1699,NA,58401,0.06007792417847601,7.509740522309578,22.31756195539607
0.008,5.00,0.1,0.02,25,3003,1800,1587,1804.2733333333333,0.13359579664574103,RUNAWAY,0,1,314.0133333333333,300,1,ea9553d6,600,314.13666666666666,0.9163103107989092,CONTROLLED,0,0,95.34,300,1,71d2a987,1587,NA,59043,0.061133375943245936,7.641671992905758,20.790921877149763
0.008,5.00,0.1,0.02,25,3004,1800,1778,1507.6366666666668,0.11826235764142996,RUNAWAY,0,1,340.02,300,1,17950165,600,317.7,0.9014583989088238,CONTROLLED,0,0,99.13333333333334,300,1,0059eea5,1778,NA,59315,0.06335941591390751,7.919926989238309,23.60879560527977
0.008,5.00,0.1,0.02,25,3005,1800,1785,1666.9533333333334,0.1326391860599977,RUNAWAY,0,1,193,300,1,c6798ce1,600,231.96666666666667,0.945796809886478,CONTROLLED,0,0,48.53,300,1,8813bac8,1785,NA,30844,0.06373186579682612,7.966483224603184,24.236546792116414
0.008,5.00,0.1,0.02,25,3006,1800,1772,1815.2633333333333,0.09857522967282983,RUNAWAY,0,1,341,300,1,2763fb35,600,320.93666666666667,0.9038958880776061,CONTROLLED,0,0,93.22,300,1,87774503,1772,NA,59061,0.06358784202838758,7.948480253548445,22.826702878215208
0.008,5.00,0.1,0.02,25,3007,1800,1693,1624.3033333333333,0.29341399697511344,RUNAWAY,0,1,333.04,300,1,be9156f7,600,307.04333333333335,0.8950962404872277,CONTROLLED,0,0,93.77333333333333,300,1,13e13804,1693,NA,60999,0.06389828563854778,7.987285704818569,22.201337204424217
0.008,5.00,0.1,0.02,25,3008,1800,1650,1545.9833333333333,0.2580471975765155,RUNAWAY,0,1,326.55333333333334,300,1,a5653577,600,323.8666666666667,0.933161794977357,CONTROLLED,0,0,92.73333333333333,300,1,8d1ff35e,1650,NA,58565,0.06275630582698412,7.844538228372965,21.534207715179623
0.008,5.00,0.1,0.02,25,3009,1800,1702,1600.7566666666667,0.2707573709933011,RUNAWAY,0,1,325.0233333333333,300,1,9a299f8b,600,305.88,0.918976940848263,CONTROLLED,0,0,75.53,300,1,e2a09e6f,1702,NA,59155,0.06182374151455007,7.727967689318693,21.989869559174934
0.008,5.00,0.1,0.02,25,3010,1800,1553,1521.6033333333332,0.11802243685936545,RUNAWAY,0,1,323,300,1,048a675c,600,358,0.9247765363128492,CONTROLLED,0,0,107.01,300,1,907eb2a0,1553,NA,58786,0.06267871752496773,7.834839690620957,20.374632317801506
0.016,5.00,0.1,0.02,25,3001,1800,852,1502.8366666666666,0.2016320247709332,RUNAWAY,0,1,155.03666666666666,300,1,bef67457,600,479.56666666666666,0.8392924167651352,CONTROLLED,0,0,98.6,300,1,404131b0,852,NA,29610,0.06285841656005184,3.9286510350032366,10.887830733417507
0.016,5.00,0.1,0.02,25,3002,1800,849,1718.6233333333332,0.12433013245097335,RUNAWAY,0,1,160.01333333333332,300,1,29af8282,600,451.17,0.8408434366942247,CONTROLLED,0,0,104.00333333333333,300,1,9802c4ad,849,NA,29324,0.06127327654478588,3.8295797840491437,10.93556973364641
0.016,5.00,0.1,0.02,25,3003,1800,945,1559.99,0.45436188693517265,RUNAWAY,0,1,172.01,300,1,2adf9646,600,497.1566666666667,0.7865394543638156,CONTROLLED,0,0,97.16333333333333,300,1,4dd651a0,945,NA,29655,0.06354089565201627,3.9713059782510194,11.049956246061376
0.016,5.00,0.1,0.02,25,3004,1800,990,1685.63,0.259202790648007,RUNAWAY,0,1,154.05,300,1,94002ce6,600,406.8833333333333,0.9047884323925778,CONTROLLED,0,0,71.39333333333333,300,1,2e0e3032,990,NA,29028,0.06092863304402081,3.8080395652512973,11.272137962232513
0.016,5.00,0.1,0.02,25,3005,1800,878,1598.0166666666667,0.22370855539679393,RUNAWAY,0,1,171.00666666666666,300,1,97934ce3,600,527.3333333333334,0.6553286978508217,CONTROLLED,0,0,108.73333333333333,300,1,9a72cdd7,878,NA,30113,0.06306844192533763,3.9417776203336503,10.981626031324454
0.016,5.00,0.1,0.02,25,3006,1800,911,1819.0666666666666,0.1160430257274793,RUNAWAY,0,1,165,300,1,ee2b8496,600,419.7733333333333,0.8838658958803164,CONTROLLED,0,0,96.07333333333334,300,1,1e108bd8,911,NA,29557,0.06499184576147672,4.061990360092295,10.60717021189133
0.016,5.00,0.1,0.02,25,3007,1800,950,1513.01,0.21612106551399748,RUNAWAY,0,1,177,300,1,52a26be9,600,431.58,0.7425737986004912,CONTROLLED,0,0,99.16,300,1,7d4314ad,950,NA,29995,0.06501472970705938,4.063420606691192,11.198066604683651
0.016,5.00,0.1,0.02,25,3008,1800,936,1580.97,0.2585480222057766,RUNAWAY,0,1,170,300,1,c55d7e79,600,437.0233333333333,0.946379674616916,CONTROLLED,0,0,96.97666666666667,300,1,bd10819c,936,NA,29481,0.06422767622593607,4.014229764120996,11.024465699575508
0.016,5.00,0.1,0.02,25,3009,1800,937,1643.2033333333334,0.29740689425735506,RUNAWAY,0,1,168.02333333333334,300,1,fb906295,600,452.38,0.858953387270289,CONTROLLED,0,0,93.42666666666666,300,1,9228752f,937,NA,29872,0.06180321563368361,3.862700977105191,11.37955247536481
0.016,5.00,0.1,0.02,25,3010,1800,911,1669.2666666666667,0.19855225847677624,RUNAWAY,0,1,168.06333333333333,300,1,04dd52e4,600,414.87666666666667,0.7388460827715867,CONTROLLED,0,0,102.08,300,1,bd6e77f2,911,NA,30676,0.06488372714914956,4.055232946821861,11.393992665683024
0.032,5.00,0.1,0.02,25,3001,1800,484,1613.5466666666666,0.13960344086732332,RUNAWAY,0,1,83,300,1,1e4edfa3,484,1613.5466666666666,0.13960344086732332,RUNAWAY,0,1,83,300,1,1e4edfa3,484,NA,15148,0.06211131182733664,1.9409784946042574,5.5148106310618275
0.032,5.00,0.1,0.02,25,3002,1800,505,1501.4933333333333,0.16133271764998403,RUNAWAY,0,1,71.82,300,1,c08bbe3f,505,1501.4933333333333,0.16133271764998403,RUNAWAY,0,1,71.82,300,1,c08bbe3f,505,NA,13394,0.05929508356421189,1.8529713613816094,6.042109569907253
0.032,5.00,0.1,0.02,25,3003,1800,547,1721.4866666666667,0.11160508552685082,RUNAWAY,0,1,81.05333333333333,300,1,01fc9c49,547,1721.4866666666667,0.11160508552685082,RUNAWAY,0,1,81.05333333333333,300,1,01fc9c49,547,NA,14676,0.06172599633152016,1.9289373853600018,5.743328174414462
0.032,5.00,0.1,0.02,25,3004,1800,566,1635.7366666666667,0.097780612608794,RUNAWAY,0,1,83.02666666666667,300,1,4eaa5b3b,566,1635.7366666666667,0.097780612608794,RUNAWAY,0,1,83.02666666666667,300,1,4eaa5b3b,566,NA,14901,0.06366233897572765,1.9894480929914649,5.730814930479974
0.032,5.00,0.1,0.02,25,3005,1800,475,1853.0733333333333,0.08994966919819687,RUNAWAY,0,1,67,300,1,de963a2f,475,1853.0733333333333,0.08994966919819687,RUNAWAY,0,1,67,300,1,de963a2f,475,NA,14247,0.05845383668857083,1.8266823965178551,4.832099253219914
0.032,5.00,0.1,0.02,25,3006,1800,571,1837.26,0.11859326751067713,RUNAWAY,0,1,88,300,1,dc7a1fc9,571,1837.26,0.11859326751067713,RUNAWAY,0,1,88,300,1,dc7a1fc9,571,NA,15466,0.0663719326832377,2.0741228963511738,5.683675482036405
0.032,5.00,0.1,0.02,25,3007,1800,575,1777.7366666666667,0.12950174472784684,RUNAWAY,0,1,90.05,300,1,b93582f0,575,1777.7366666666667,0.12950174472784684,RUNAWAY,0,1,90.05,300,1,b93582f0,575,NA,15528,0.06638942185566793,2.0746694329896216,5.931678285816937
0.032,5.00,0.1,0.02,25,3008,1800,494,1647.65,0.10152641641125239,RUNAWAY,0,1,82.01666666666667,300,1,40114ac0,494,1647.65,0.10152641641125239,RUNAWAY,0,1,82.01666666666667,300,1,40114ac0,494,NA,14420,0.06244614732613035,1.9514421039415588,5.480903169367354
0.032,5.00,0.1,0.02,25,3009,1800,502,1832.46,0.12955808039466074,RUNAWAY,0,1,71,300,1,38ed87ab,502,1832.46,0.12955808039466074,RUNAWAY,0,1,71,300,1,38ed87ab,502,NA,14256,0.059465152851393574,1.8582860266060204,5.6147393881468775
0.032,5.00,0.1,0.02,25,3010,1800,599,1793.65,0.14123528373242644,RUNAWAY,0,1,84.01,300,1,c86e8186,599,1793.65,0.14123528373242644,RUNAWAY,0,1,84.01,300,1,c86e8186,599,NA,15324,0.06291433617092068,1.9660730053412716,5.61283939606211
0.064,5.00,0.1,0.02,25,3001,1800,290,1560.0033333333333,0.1651193053006297,RUNAWAY,0,1,36,300,1,e853b324,290,1560.0033333333333,0.1651193053006297,RUNAWAY,0,1,36,300,1,e853b324,290,NA,7115,0.06199291889655585,0.9686393577586755,2.678570167315458
0.064,5.00,0.1,0.02,25,3002,1800,297,1682.2166666666667,0.1492574281949412,RUNAWAY,0,1,29.023333333333333,300,1,c2b352a4,297,1682.2166666666667,0.1492574281949412,RUNAWAY,0,1,29.023333333333333,300,1,c2b352a4,297,NA,5299,0.05448606225831386,0.8513447227861505,3.033436333203963
0.064,5.00,0.1,0.02,25,3003,1800,311,1674.6066666666666,0.13266597927473517,RUNAWAY,0,1,38,300,1,8f60e090,311,1674.6066666666666,0.13266597927473517,RUNAWAY,0,1,38,300,1,8f60e090,311,NA,7431,0.05982194676706182,0.9347179182353382,2.8616444199100757
0.064,5.00,0.1,0.02,25,3004,1800,362,1622.2866666666666,0.10444722058986698,RUNAWAY,0,1,41,300,1,deef2a47,362,1622.2866666666666,0.10444722058986698,RUNAWAY,0,1,41,300,1,deef2a47,362,NA,7274,0.06226684227989976,0.9729194106234359,2.7818893082849767
0.064,5.00,0.1,0.02,25,3005,1800,317,1762.62,0.1201469025276766,RUNAWAY,0,1,36.04,300,1,74a7d8fa,317,1762.62,0.1201469025276766,RUNAWAY,0,1,36.04,300,1,74a7d8fa,317,NA,7302,0.06403960291656008,1.0006187955712564,2.5814079160901664
0.064,5.00,0.1,0.02,25,3006,1800,356,1624.5,0.1420088232276598,RUNAWAY,0,1,45.03333333333333,300,1,7e5255d6,356,1624.5,0.1420088232276598,RUNAWAY,0,1,45.03333333333333,300,1,7e5255d6,356,NA,7657,0.06767428021091586,1.0574106282955609,2.9369498390059996
0.064,5.00,0.1,0.02,25,3007,1800,338,1597.8633333333332,0.27868048790155187,RUNAWAY,0,1,45,300,1,d116a18e,338,1597.8633333333332,0.27868048790155187,RUNAWAY,0,1,45,300,1,d116a18e,338,NA,7316,0.06919456590934263,1.0811650923334795,2.8640795463787216
0.064,5.00,0.1,0.02,25,3008,1800,351,1701.4033333333334,0.13328409293504773,RUNAWAY,0,1,45,300,1,3c6b7bf8,351,1701.4033333333334,0.13328409293504773,RUNAWAY,0,1,45,300,1,3c6b7bf8,351,NA,7628,0.06664042725172303,1.0412566758081696,3.2510935516978723
0.064,5.00,0.1,0.02,25,3009,1800,337,1668.8433333333332,0.13230321200512132,RUNAWAY,0,1,39,300,1,521aef5e,337,1668.8433333333332,0.13230321200512132,RUNAWAY,0,1,39,300,1,521aef5e,337,NA,7392,0.062491826910756415,0.9764347954805741,2.845106514302474
0.064,5.00,0.1,0.02,25,3010,1800,289,1525.04,0.2932360244102887,RUNAWAY,0,1,46,300,1,b1dd8898,289,1525.04,0.2932360244102887,RUNAWAY,0,1,46,300,1,b1dd8898,289,NA,7660,0.06633192616110191,1.0364363462672153,3.002040371312527
0.125,5.00,0.1,0.02,25,3001,1800,220,1829.7666666666667,0.0983659118649008,RUNAWAY,0,1,18,300,1,ae4e0c09,220,1829.7666666666667,0.0983659118649008,RUNAWAY,0,1,18,300,1,ae4e0c09,220,NA,3447,0.058830626300335274,0.4706450104026822,1.4489303333621202
0.125,5.00,0.1,0.02,25,3002,1800,200,1746.4433333333334,0.20076994577550947,RUNAWAY,0,1,21.256666666666668,300,1,2f8bf540,200,1746.4433333333334,0.20076994577550947,RUNAWAY,0,1,21.256666666666668,300,1,2f8bf540,200,NA,4162,0.06909113129584786,0.5527290503667829,1.3895114303265264
0.125,5.00,0.1,0.02,25,3003,1800,219,1805.0766666666666,0.09979262192002925,RUNAWAY,0,1,18.026666666666667,300,1,f34f6b02,219,1805.0766666666666,0.09979262192002925,RUNAWAY,0,1,18.026666666666667,300,1,f34f6b02,219,NA,3527,0.06589496742742328,0.5271597394193862,1.5646701941600916
0.125,5.00,0.1,0.02,25,3004,1800,236,1572.4966666666667,0.15584770714935273,RUNAWAY,0,1,22,300,1,7f0e1c8b,236,1572.4966666666667,0.15584770714935273,RUNAWAY,0,1,22,300,1,7f0e1c8b,236,NA,3795,0.06749134707594814,0.5399307766075852,1.4713072093221553
0.125,5.00,0.1,0.02,25,3005,1800,243,1646.07,0.13902608435040228,RUNAWAY,0,1,19.01,300,1,988fe479,243,1646.07,0.13902608435040228,RUNAWAY,0,1,19.01,300,1,988fe479,243,NA,3940,0.06554489647726877,0.5243591718181498,1.5232964813220529
0.125,5.00,0.1,0.02,25,3006,1800,182,1510.45,0.3062177938142055,RUNAWAY,0,1,20.3,300,1,8c652537,182,1510.45,0.3062177938142055,RUNAWAY,0,1,20.3,300,1,8c652537,182,NA,3886,0.06587082319980994,0.5269665855984796,1.2828133995921092
0.125,5.00,0.1,0.02,25,3007,1800,228,1528.9933333333333,0.1336958085712168,RUNAWAY,0,1,21.02,300,1,b6157710,228,1528.9933333333333,0.1336958085712168,RUNAWAY,0,1,21.02,300,1,b6157710,228,NA,4088,0.07003010821103713,0.5602408656882969,1.4366682759099763
0.125,5.00,0.1,0.02,25,3008,1800,212,1593.92,0.11948320283744897,RUNAWAY,0,1,19,300,1,28a5f33d,212,1593.92,0.11948320283744897,RUNAWAY,0,1,19,300,1,28a5f33d,212,NA,4116,0.07083931211821537,0.5667144969457231,1.465679343505096
0.125,5.00,0.1,0.02,25,3009,1800,220,1645.7866666666666,0.11740079718716075,RUNAWAY,0,1,20.003333333333334,300,1,f84f223f,220,1645.7866666666666,0.11740079718716075,RUNAWAY,0,1,20.003333333333334,300,1,f84f223f,220,NA,3952,0.06970547462026498,0.5576437969621201,1.360688367039889
0.125,5.00,0.1,0.02,25,3010,1800,230,1675.7466666666667,0.1025950621016701,RUNAWAY,0,1,20,300,1,30b27e08,230,1675.7466666666667,0.1025950621016701,RUNAWAY,0,1,20,300,1,30b27e08,230,NA,4292,0.06817267875210187,0.5453814300168149,1.5052385730958044
