phi,ratio,theta,sigma_s,k_star,seed,horizon,predicted_t_sat,stopped_at,copies_per_genome,silenced_fraction,outcome,extinct,saturated,entries_per_genome,max_genomes_with_repertoire,saw_nonzero_entry,hash,stopped_at_600,copies_per_genome_600,silenced_fraction_600,outcome_600,extinct_600,saturated_600,entries_per_genome_600,max_genomes_with_repertoire_600,saw_nonzero_entry_600,hash_600,stopped_at_1800,copies_per_genome_1800,silenced_fraction_1800,outcome_1800,extinct_1800,saturated_1800,entries_per_genome_1800,max_genomes_with_repertoire_1800,saw_nonzero_entry_1800,hash_1800,saturation_generation,extinction_generation,captures,mean_displacement,mean_abs_s,max_abs_entry
0.002,2.00,0.1,0.05,4,4001,8000,3297.5284877716335,4820,1794.2133333333334,0.31364163310197224,RUNAWAY,0,1,2252.423333333333,300,1,8c1259a5,600,368.0933333333333,0.9286231752816315,CONTROLLED,0,0,246.03666666666666,300,1,0e69399f,1800,509.1066666666667,0.8692480947018306,CONTROLLED,0,0,852.53,300,1,e886015c,4820,NA,492623,0.14072398947166773,70.36199473583272,160.66093098808324
0.002,2.00,0.1,0.05,4,4002,8000,3297.5284877716335,4265,1534.1666666666667,0.4115046170559479,RUNAWAY,0,1,2035.7533333333333,300,1,c664063b,600,356.17333333333335,0.9100625163777936,CONTROLLED,0,0,261.0466666666667,300,1,191a2145,1800,428.5733333333333,0.8480617863920605,CONTROLLED,0,0,875.42,300,1,ccf60e74,4265,NA,465808,0.13134794978446684,65.67397489223349,145.8536539788078
0.002,2.00,0.1,0.05,4,4003,8000,3297.5284877716335,4606,1505.2166666666667,0.3552135351499784,RUNAWAY,0,1,2171.0733333333333,300,1,843769ed,600,384.7266666666667,0.9268571626609368,CONTROLLED,0,0,262.24666666666667,300,1,a350b5a9,1800,477.5466666666667,0.9058800536073264,CONTROLLED,0,0,873.9266666666666,300,1,56fefdbc,4606,NA,496964,0.14069709732444796,70.3485486622229,154.93515964764907
0.002,2.00,0.1,0.05,4,4004,8000,3297.5284877716335,4675,1540.52,0.43374964297769586,RUNAWAY,0,1,2171.59,300,1,95cc9304,600,389.3566666666667,0.9201246500637804,CONTROLLED,0,0,246.82666666666665,300,1,4d05ba73,1800,501.98333333333335,0.8656993924101066,CONTROLLED,0,0,858.12,300,1,1bdf7b51,4675,NA,486541,0.13885202843869912,69.42601421934783,158.29358124373803
0.002,2.00,0.1,0.05,4,4005,8000,3297.5284877716335,5007,1556.5333333333333,0.44902775398321054,RUNAWAY,0,1,2325.12,300,1,9e287956,600,369.1666666666667,0.9147720090293454,CONTROLLED,0,0,242.63,300,1,65e860e2,1800,491.23,0.8709972925106365,CONTROLLED,0,0,859.3966666666666,300,1,c45a340f,5007,NA,505278,0.14524260356409743,72.62130178205176,167.60422395147938
0.002,2.00,0.1,0.05,4,4006,8000,3297.5284877716335,4412,1515.8766666666668,0.48244470196563927,RUNAWAY,0,1,2094.096666666667,300,1,5cada789,600,369.3066666666667,0.9244891327893711,CONTROLLED,0,0,265.0133333333333,300,1,debe7c72,1800,495.8566666666667,0.8407469900576108,CONTROLLED,0,0,888.47,300,1,d56e3642,4412,NA,479184,0.13549927400558262,67.74963700278506,149.59187748486303
0.002,2.00,0.1,0.05,4,4007,8000,3297.5284877716335,4734,1507.64,0.3033571232743449,RUNAWAY,0,1,2205.0866666666666,300,1,b63d91b2,600,375.25333333333333,0.9198941159749858,CONTROLLED,0,0,247.41,300,1,5144f7a5,1800,371.47,0.8379680727918809,CONTROLLED,0,0,851.5866666666667,300,1,a2b3ce50,4734,NA,494479,0.14027615787485995,70.13807893742886,159.28813224995778
0.002,2.00,0.1,0.05,4,4008,8000,3297.5284877716335,4482,1519.7766666666666,0.5325124524875365,RUNAWAY,0,1,2106.45,300,1,a439aeaf,600,366.20666666666665,0.9176512351859606,CONTROLLED,0,0,238.69333333333333,300,1,8ee34599,1800,453.4433333333333,0.8494556467915874,CONTROLLED,0,0,850.8066666666666,300,1,31641952,4482,NA,474978,0.13464616385445333,67.32308192723106,150.85100870237812
0.002,2.00,0.1,0.05,4,4009,8000,3297.5284877716335,4611,1545.8066666666666,0.5486197066472306,RUNAWAY,0,1,2171.0733333333333,300,1,db7d9a82,600,370.99333333333334,0.9287588276518896,CONTROLLED,0,0,260.48,300,1,13dab07b,1800,466.1933333333333,0.8841110268987116,CONTROLLED,0,0,867.82,300,1,8557b5e7,4611,NA,487693,0.13916138517862015,69.58069258931266,155.78343142024133
0.002,2.00,0.1,0.05,4,4010,8000,3297.5284877716335,5589,1569.41,0.17713025914197056,RUNAWAY,0,1,2144.01,300,1,01154c93,600,359.53333333333336,0.916781012423512,CONTROLLED,0,0,233.85,300,1,fdf4f51c,1800,438.87333333333333,0.8693320775926235,CONTROLLED,0,0,848.31,300,1,4a329d3a,5589,NA,457556,0.13445942919478088,67.22971459738895,195.14116821029748
0.004,2.00,0.1,0.05,4,4001,5000,1987.541691325628,2394,1589.6433333333334,0.31957483125145475,RUNAWAY,0,1,1097.28,300,1,e56dcf73,600,402.1533333333333,0.9089816487906769,CONTROLLED,0,0,253.89,300,1,e28130dd,1800,626.5866666666667,0.6223134868281057,CONTROLLED,0,0,844.69,300,1,fc877445,2394,NA,245923,0.13985429718307743,34.96357429576897,79.4883437996444
0.004,2.00,0.1,0.05,4,4002,5000,1987.541691325628,2418,1557.9233333333334,0.42240418334663454,RUNAWAY,0,1,1122.16,300,1,5b5405e5,600,429.08,0.9050915136260527,CONTROLLED,0,0,250.13,300,1,0b0c2035,1800,577.88,0.5255185621005515,CONTROLLED,0,0,852.1666666666666,300,1,12b3a24c,2418,NA,253252,0.14409497276983677,36.0237431924583,79.69235131732063
0.004,2.00,0.1,0.05,4,4003,5000,1987.541691325628,2389,1622.3233333333333,0.39549863672880664,RUNAWAY,0,1,1102.4533333333334,300,1,7a7b318f,600,432.9166666666667,0.9150336862367662,CONTROLLED,0,0,259.8466666666667,300,1,fab013c8,1800,592.5833333333334,0.5994318661229082,CONTROLLED,0,0,853.3733333333333,300,1,1b66d753,2389,NA,244316,0.13820791835267,34.551979588167775,78.58775244393044
0.004,2.00,0.1,0.05,4,4004,5000,1987.541691325628,2552,1504.2533333333333,0.34352369724957676,RUNAWAY,0,1,1141.0833333333333,300,1,105729a5,600,416.2133333333333,0.9071149410558688,CONTROLLED,0,0,242.41,300,1,036d3a95,1800,574.9433333333334,0.621597490767206,CONTROLLED,0,0,828.3066666666666,300,1,f79d2bf7,2552,NA,251727,0.14428657767070713,36.07164441767465,81.71254541100188
0.004,2.00,0.1,0.05,4,4005,5000,1987.541691325628,2381,1513.7433333333333,0.43866309347907945,RUNAWAY,0,1,1091.16,300,1,e715d430,600,414.78,0.9009756175964768,CONTROLLED,0,0,248.53,300,1,6d4867c6,1800,518.03,0.5303296462881815,CONTROLLED,0,0,841.4033333333333,300,1,eba06d2f,2381,NA,243310,0.13924493398918747,34.811233497295184,78.64630713304595
0.004,2.00,0.1,0.05,4,4006,5000,1987.541691325628,2340,1544.0433333333333,0.3906582932689713,RUNAWAY,0,1,1091.4066666666668,300,1,5404991d,600,427.1433333333333,0.897075922992282,CONTROLLED,0,0,263.13666666666666,300,1,7a187ec5,1800,512.17,0.7226897319249468,CONTROLLED,0,0,859,300,1,a78e304b,2340,NA,245427,0.13894940778023088,34.73735194505751,77.96960681435021
0.004,2.00,0.1,0.05,4,4007,5000,1987.541691325628,2432,1571.97,0.3451041262449877,RUNAWAY,0,1,1098.0433333333333,300,1,a66b5072,600,394.37333333333333,0.9017005882750693,CONTROLLED,0,0,241.43333333333334,300,1,f3dc1a4d,1800,605.81,0.6986678991763094,CONTROLLED,0,0,823.2933333333333,300,1,958d2ba0,2432,NA,245137,0.13994870536664994,34.98717634166348,79.02144988541
0.004,2.00,0.1,0.05,4,4008,5000,1987.541691325628,2510,1663.1133333333332,0.19302553043087864,RUNAWAY,0,1,1150.02,300,1,47b832df,600,394.8833333333333,0.914008356898662,CONTROLLED,0,0,248.84666666666666,300,1,71da0366,1800,606.0066666666667,0.5895754722170273,CONTROLLED,0,0,832.53,300,1,2c734eb9,2510,NA,254458,0.14565948077240484,36.41487019310088,83.53356961965558
0.004,2.00,0.1,0.05,4,4009,5000,1987.541691325628,2327,1555.5466666666666,0.34562983217046955,RUNAWAY,0,1,1080.2466666666667,300,1,0ac591f7,600,415.0466666666667,0.893168639671041,CONTROLLED,0,0,262.5466666666667,300,1,8d5d7080,1800,766.5466666666666,0.48037084065331964,CONTROLLED,0,0,858.7666666666667,300,1,40f7d641,2327,NA,241724,0.13785178126364334,34.46294531591121,77.54112851718914
0.004,2.00,0.1,0.05,4,4010,5000,1987.541691325628,2401,1598.9166666666667,0.571341012143639,RUNAWAY,0,1,1102.6833333333334,300,1,d16a9c4b,600,408.73,0.9165463753578157,CONTROLLED,0,0,251.21666666666667,300,1,ba908800,1800,657.4066666666666,0.6424891746356898,CONTROLLED,0,0,840.6033333333334,300,1,64c5139a,2401,NA,244179,0.1395686030742269,34.89215076855567,80.39902794441473
0.0113,2.00,0.1,0.05,4,4001,2500,930.8771498979552,1039,1574.13,0.5899724503905861,RUNAWAY,0,1,425.44,300,1,c153c6d7,600,621.9366666666666,0.7345228077885744,CONTROLLED,0,0,231.28333333333333,300,1,290dbc40,1039,1574.13,0.5899724503905861,RUNAWAY,0,1,425.44,300,1,c153c6d7,1039,NA,93010,0.1526019526559531,13.504597580173098,32.69479334278656
0.0113,2.00,0.1,0.05,4,4002,2500,930.8771498979552,905,1588.9866666666667,0.5543302230352258,RUNAWAY,0,1,394.74,300,1,38e844fb,600,555.8566666666667,0.707166715640123,CONTROLLED,0,0,257.46666666666664,300,1,3b5969c4,905,1588.9866666666667,0.5543302230352258,RUNAWAY,0,1,394.74,300,1,38e844fb,905,NA,88680,0.14376307113765335,12.722395675898687,28.810822315939916
0.0113,2.00,0.1,0.05,4,4003,2500,930.8771498979552,888,1560.6033333333332,0.3173516225562336,RUNAWAY,0,1,383.04333333333335,300,1,257cb472,600,424.69666666666666,0.7712171039722469,CONTROLLED,0,0,252.17666666666668,300,1,ef1c7a99,888,1560.6033333333332,0.3173516225562336,RUNAWAY,0,1,383.04333333333335,300,1,257cb472,888,NA,85618,0.1388219870193752,12.285131594634832,27.740400156549093
0.0113,2.00,0.1,0.05,4,4004,2500,930.8771498979552,980,1545.6133333333332,0.23960067632266802,RUNAWAY,0,1,404.85,300,1,66937143,600,583.12,0.7097052636392738,CONTROLLED,0,0,238.93,300,1,d0fc5c13,980,1545.6133333333332,0.23960067632266802,RUNAWAY,0,1,404.85,300,1,66937143,980,NA,89750,0.14611525059373184,12.930553149887885,30.208456291826817
0.0113,2.00,0.1,0.05,4,4005,2500,930.8771498979552,887,1636.4866666666667,0.32618658671218426,RUNAWAY,0,1,367.0233333333333,300,1,c266a5de,600,560.3166666666667,0.7161248103750855,CONTROLLED,0,0,240.43,300,1,b4543c5f,887,1636.4866666666667,0.32618658671218426,RUNAWAY,0,1,367.0233333333333,300,1,c266a5de,887,NA,84443,0.1372712936574797,12.147902093582145,28.60652229714243
0.0113,2.00,0.1,0.05,4,4006,2500,930.8771498979552,917,1550.55,0.2869368933604205,RUNAWAY,0,1,382.68,300,1,34021413,600,534.09,0.6811648473727898,CONTROLLED,0,0,251.74333333333334,300,1,71509e63,917,1550.55,0.2869368933604205,RUNAWAY,0,1,382.68,300,1,34021413,917,NA,87531,0.14206209684892154,12.5718669777806,28.003704112019285
0.0113,2.00,0.1,0.05,4,4007,2500,930.8771498979552,991,1685.0933333333332,0.36133705749236444,RUNAWAY,0,1,433.32666666666665,300,1,6481e919,600,560.1233333333333,0.7159375613704124,CONTROLLED,0,0,258.57666666666665,300,1,3612fcf9,991,1685.0933333333332,0.36133705749236444,RUNAWAY,0,1,433.32666666666665,300,1,6481e919,991,NA,92372,0.15103294724470767,13.365747543779424,30.758526988320572
0.0113,2.00,0.1,0.05,4,4008,2500,930.8771498979552,976,1517.2433333333333,0.38151647834999003,RUNAWAY,0,1,415.3666666666667,300,1,0406cb66,600,553.4,0.7826105288519456,CONTROLLED,0,0,252.70666666666668,300,1,a5bc9162,976,1517.2433333333333,0.38151647834999003,RUNAWAY,0,1,415.3666666666667,300,1,0406cb66,976,NA,90192,0.14627821319368087,12.944974618910136,30.43252989482522
0.0113,2.00,0.1,0.05,4,4009,2500,930.8771498979552,939,1545.25,0.43351776950870946,RUNAWAY,0,1,393.99333333333334,300,1,5a0f6888,600,573.8033333333333,0.6965046095932985,CONTROLLED,0,0,248.12666666666667,300,1,f2e92601,939,1545.25,0.43351776950870946,RUNAWAY,0,1,393.99333333333334,300,1,5a0f6888,939,NA,88070,0.14267537286301285,12.626139191417199,29.109851311910575
0.0113,2.00,0.1,0.05,4,4010,2500,930.8771498979552,899,1649.81,0.45026801065981337,RUNAWAY,0,1,382.01,300,1,5f9f6628,600,523.2533333333333,0.757147589440424,CONTROLLED,0,0,245.55333333333334,300,1,b6de4ee3,899,1649.81,0.45026801065981337,RUNAWAY,0,1,382.01,300,1,5f9f6628,899,NA,86396,0.1395378161580737,12.348479306024204,27.801326843360187
0.0226,2.00,0.1,0.05,4,4001,1500,561.0738927004207,535,1509.9666666666667,0.30594494359698887,RUNAWAY,0,1,202.15,300,1,f1451062,535,1509.9666666666667,0.30594494359698887,RUNAWAY,0,1,202.15,300,1,f1451062,535,1509.9666666666667,0.30594494359698887,RUNAWAY,0,1,202.15,300,1,f1451062,535,NA,45147,0.14333085927238035,6.34207341913173,15.707748601178475
0.0226,2.00,0.1,0.05,4,4002,1500,561.0738927004207,517,1523.1566666666668,0.3460598275073477,RUNAWAY,0,1,207.04666666666665,300,1,a551c0b9,517,1523.1566666666668,0.3460598275073477,RUNAWAY,0,1,207.04666666666665,300,1,a551c0b9,517,1523.1566666666668,0.3460598275073477,RUNAWAY,0,1,207.04666666666665,300,1,a551c0b9,517,NA,45543,0.14787171002193586,6.542996018669859,14.904027343089227
0.0226,2.00,0.1,0.05,4,4003,1500,561.0738927004207,469,1580.5066666666667,0.37554623833707335,RUNAWAY,0,1,174.02333333333334,300,1,3c24e8ae,469,1580.5066666666667,0.37554623833707335,RUNAWAY,0,1,174.02333333333334,300,1,3c24e8ae,469,1580.5066666666667,0.37554623833707335,RUNAWAY,0,1,174.02333333333334,300,1,3c24e8ae,469,NA,40293,0.13251508479193802,5.863499327076925,13.95080119156633
0.0226,2.00,0.1,0.05,4,4004,1500,561.0738927004207,566,1541.4033333333334,0.4183136146498537,RUNAWAY,0,1,213.66666666666666,300,1,4802ea16,566,1541.4033333333334,0.4183136146498537,RUNAWAY,0,1,213.66666666666666,300,1,4802ea16,566,1541.4033333333334,0.4183136146498537,RUNAWAY,0,1,213.66666666666666,300,1,4802ea16,566,NA,48199,0.15424427117372347,6.824967751049733,16.209392329969965
0.0226,2.00,0.1,0.05,4,4005,1500,561.0738927004207,530,1607.1166666666666,0.35369346759724973,RUNAWAY,0,1,193.02666666666667,300,1,f98f879d,530,1607.1166666666666,0.35369346759724973,RUNAWAY,0,1,193.02666666666667,300,1,f98f879d,530,1607.1166666666666,0.35369346759724973,RUNAWAY,0,1,193.02666666666667,300,1,f98f879d,530,NA,42964,0.13925433571144605,6.161696270417978,14.799743895301454
0.0226,2.00,0.1,0.05,4,4006,1500,561.0738927004207,498,1701.9566666666667,0.2815014875035988,RUNAWAY,0,1,193.05666666666667,300,1,4fad4ca1,498,1701.9566666666667,0.2815014875035988,RUNAWAY,0,1,193.05666666666667,300,1,4fad4ca1,498,1701.9566666666667,0.2815014875035988,RUNAWAY,0,1,193.05666666666667,300,1,4fad4ca1,498,NA,43095,0.14198933661182242,6.2827140093726825,14.332462502583548
0.0226,2.00,0.1,0.05,4,4007,1500,561.0738927004207,530,1556.3766666666668,0.3983461587062258,RUNAWAY,0,1,213.04333333333332,300,1,ac0ee774,530,1556.3766666666668,0.3983461587062258,RUNAWAY,0,1,213.04333333333332,300,1,ac0ee774,530,1556.3766666666668,0.3983461587062258,RUNAWAY,0,1,213.04333333333332,300,1,ac0ee774,530,NA,44217,0.14734529417242215,6.51970328196553,15.551441885485858
0.0226,2.00,0.1,0.05,4,4008,1500,561.0738927004207,499,1722.8166666666666,0.20222890808656366,RUNAWAY,0,1,186.28,300,1,7f26daad,499,1722.8166666666666,0.20222890808656366,RUNAWAY,0,1,186.28,300,1,7f26daad,499,1722.8166666666666,0.20222890808656366,RUNAWAY,0,1,186.28,300,1,7f26daad,499,NA,42664,0.13716278538333188,6.069149795722722,14.92553539694405
0.0226,2.00,0.1,0.05,4,4009,1500,561.0738927004207,481,1514.3466666666666,0.3906569169542861,RUNAWAY,0,1,178.20333333333335,300,1,9e798646,481,1514.3466666666666,0.3906569169542861,RUNAWAY,0,1,178.20333333333335,300,1,9e798646,481,1514.3466666666666,0.3906569169542861,RUNAWAY,0,1,178.20333333333335,300,1,9e798646,481,NA,41042,0.13258195970420505,5.866458393991377,13.414432631423326
0.0226,2.00,0.1,0.05,4,4010,1500,561.0738927004207,549,1514.81,0.3124330224032497,RUNAWAY,0,1,221.24,300,1,efaa36e8,549,1514.81,0.3124330224032497,RUNAWAY,0,1,221.24,300,1,efaa36e8,549,1514.81,0.3124330224032497,RUNAWAY,0,1,221.24,300,1,efaa36e8,549,NA,46506,0.15599419124920424,6.902397842885094,15.839418700606608
0.0453,2.00,0.1,0.05,4,4001,1000,337.6344387073278,313,1533.3633333333332,0.5555043488279577,RUNAWAY,0,1,99.01,300,1,97808ba5,313,1533.3633333333332,0.5555043488279577,RUNAWAY,0,1,99.01,300,1,97808ba5,313,1533.3633333333332,0.5555043488279577,RUNAWAY,0,1,99.01,300,1,97808ba5,313,NA,23446,0.14920980145015003,3.293814601548611,7.999710445132901
0.0453,2.00,0.1,0.05,4,4002,1000,337.6344387073278,314,1571.2333333333333,0.46597789422322167,RUNAWAY,0,1,98.08333333333333,300,1,e0c5493f,314,1571.2333333333333,0.46597789422322167,RUNAWAY,0,1,98.08333333333333,300,1,e0c5493f,314,1571.2333333333333,0.46597789422322167,RUNAWAY,0,1,98.08333333333333,300,1,e0c5493f,314,NA,21790,0.1428239331958456,3.1528462074137975,7.421305700687143
0.0453,2.00,0.1,0.05,4,4003,1000,337.6344387073278,342,1531.9066666666668,0.4747852349577433,RUNAWAY,0,1,115.06,300,1,283cb11d,342,1531.9066666666668,0.4747852349577433,RUNAWAY,0,1,115.06,300,1,283cb11d,342,1531.9066666666668,0.4747852349577433,RUNAWAY,0,1,115.06,300,1,283cb11d,342,NA,23758,0.15974455986966896,3.5263699750478485,8.574131264124736
0.0453,2.00,0.1,0.05,4,4004,1000,337.6344387073278,303,1606.3966666666668,0.4564190247738728,RUNAWAY,0,1,102.04333333333334,300,1,5a1fb193,303,1606.3966666666668,0.4564190247738728,RUNAWAY,0,1,102.04333333333334,300,1,5a1fb193,303,1606.3966666666668,0.4564190247738728,RUNAWAY,0,1,102.04333333333334,300,1,5a1fb193,303,NA,21256,0.14109486323249237,3.1146768925495425,7.596770308698402
0.0453,2.00,0.1,0.05,4,4005,1000,337.6344387073278,318,1574.8333333333333,0.5477680177796592,RUNAWAY,0,1,103.32,300,1,8a9406d7,318,1574.8333333333333,0.5477680177796592,RUNAWAY,0,1,103.32,300,1,8a9406d7,318,1574.8333333333333,0.5477680177796592,RUNAWAY,0,1,103.32,300,1,8a9406d7,318,NA,21569,0.1459930953122656,3.222805636032394,7.426601232582096
0.0453,2.00,0.1,0.05,4,4006,1000,337.6344387073278,348,1563.05,0.4542806265527867,RUNAWAY,0,1,102.00333333333333,300,1,a5bd7523,348,1563.05,0.4542806265527867,RUNAWAY,0,1,102.00333333333333,300,1,a5bd7523,348,1563.05,0.4542806265527867,RUNAWAY,0,1,102.00333333333333,300,1,a5bd7523,348,NA,22686,0.14765308604300548,3.2594500230244106,7.784468515065306
0.0453,2.00,0.1,0.05,4,4007,1000,337.6344387073278,303,1600.61,0.4061160016077204,RUNAWAY,0,1,108.04666666666667,300,1,d471d1fe,303,1600.61,0.4061160016077204,RUNAWAY,0,1,108.04666666666667,300,1,d471d1fe,303,1600.61,0.4061160016077204,RUNAWAY,0,1,108.04666666666667,300,1,d471d1fe,303,NA,23761,0.15433262629721228,3.406901242764015,7.650392742958094
0.0453,2.00,0.1,0.05,4,4008,1000,337.6344387073278,322,1558.43,0.3197063711555861,RUNAWAY,0,1,106.01666666666667,300,1,7c159ef0,322,1558.43,0.3197063711555861,RUNAWAY,0,1,106.01666666666667,300,1,7c159ef0,322,1558.43,0.3197063711555861,RUNAWAY,0,1,106.01666666666667,300,1,7c159ef0,322,NA,23278,0.15293452145731365,3.376038001265217,7.767419074407159
0.0453,2.00,0.1,0.05,4,4009,1000,337.6344387073278,339,1592.15,0.26977357661024404,RUNAWAY,0,1,110.05333333333333,300,1,6c6a354f,339,1592.15,0.26977357661024404,RUNAWAY,0,1,110.05333333333333,300,1,6c6a354f,339,1592.15,0.26977357661024404,RUNAWAY,0,1,110.05333333333333,300,1,6c6a354f,339,NA,23611,0.15012052211067212,3.3139188103901005,7.798881419425413
0.0453,2.00,0.1,0.05,4,4010,1000,337.6344387073278,310,1528.47,0.5044194521318704,RUNAWAY,0,1,93.80666666666667,300,1,55c26781,310,1528.47,0.5044194521318704,RUNAWAY,0,1,93.80666666666667,300,1,55c26781,310,1528.47,0.5044194521318704,RUNAWAY,0,1,93.80666666666667,300,1,55c26781,310,NA,21935,0.14777040142206838,3.262039766491613,8.519140535171745
0.002,3.33,0.1,0.03,11,4001,8000,3759.502281696534,4992,1527.8766666666668,0.18976226266081686,RUNAWAY,0,1,1510.12,300,1,12f36b5d,600,267.36,0.9333108916816277,CONTROLLED,0,0,148.07333333333332,300,1,baafa014,1800,361.18333333333334,0.884536938766093,CONTROLLED,0,0,525.2333333333333,300,1,2fd147f7,4992,NA,310881,0.08470645133790698,42.35322566895607,102.74443235437516
0.002,3.33,0.1,0.03,11,4002,8000,3759.502281696534,4973,1685.8633333333332,0.17150658712944308,RUNAWAY,0,1,1494.0666666666666,300,1,2f69f229,600,299.78333333333336,0.9313059431811864,CONTROLLED,0,0,138.24666666666667,300,1,ab3158f1,1800,387.6433333333333,0.8935189564290198,CONTROLLED,0,0,514.4333333333333,300,1,bc59ded1,4973,NA,311871,0.08485577911063302,42.42788955531609,101.98318451552026
0.002,3.33,0.1,0.03,11,4003,8000,3759.502281696534,5688,1526.69,0.1354302445159135,RUNAWAY,0,1,1655,300,1,93153802,600,278.68,0.9132338165638008,CONTROLLED,0,0,149.81666666666666,300,1,68c5daa4,1800,379.39666666666665,0.9083017773833895,CONTROLLED,0,0,527.7033333333334,300,1,34f44010,5688,NA,320746,0.08866626186384073,44.33313093192137,117.4905956082095
0.002,3.33,0.1,0.03,11,4004,8000,3759.502281696534,5527,1530.9033333333334,0.33588230042828743,RUNAWAY,0,1,1677,300,1,bd78f705,600,275.94666666666666,0.9317863355237727,CONTROLLED,0,0,148.90666666666667,300,1,5bbdfd2c,1800,392.63,0.9108999991510243,CONTROLLED,0,0,529.2233333333334,300,1,c2a2b692,5527,NA,325265,0.09048713652796868,45.24356826398298,112.86651560332287
0.002,3.33,0.1,0.03,11,4005,8000,3759.502281696534,5310,1562.5666666666666,0.4065938519956482,RUNAWAY,0,1,1600,300,1,96c8cfb6,600,271.9033333333333,0.9404690392418874,CONTROLLED,0,0,131.01333333333332,300,1,866eb511,1800,370.98,0.9152245404064909,CONTROLLED,0,0,503.54,300,1,acbd28e2,5310,NA,317913,0.08761935161548794,43.80967580774464,107.6345970616211
0.002,3.33,0.1,0.03,11,4006,8000,3759.502281696534,5159,1535.11,0.35838908395272434,RUNAWAY,0,1,1554.0166666666667,300,1,868274d8,600,292.1166666666667,0.9350487818793861,CONTROLLED,0,0,141.33333333333334,300,1,e505d468,1800,382.6666666666667,0.9288937282229965,CONTROLLED,0,0,515.9933333333333,300,1,d03787bd,5159,NA,315580,0.08664975646798118,43.32487823398943,106.07795853312774
0.002,3.33,0.1,0.03,11,4007,8000,3759.502281696534,5085,1517.2166666666667,0.3130095679588721,RUNAWAY,0,1,1531.0566666666666,300,1,360d13d2,600,281.35,0.9452994490847698,CONTROLLED,0,0,134.32666666666665,300,1,f6c99ed2,1800,386.8833333333333,0.8820316202128118,CONTROLLED,0,0,502.76666666666665,300,1,b1d25ad8,5085,NA,317078,0.08657036042141765,43.28518021070829,104.91029271205599
0.002,3.33,0.1,0.03,11,4008,8000,3759.502281696534,5347,1624.24,0.24612536735129456,RUNAWAY,0,1,1623.1333333333334,300,1,774be08e,600,283.27,0.9345500758993187,CONTROLLED,0,0,146.02,300,1,5fb52674,1800,398.14,0.8892516870112691,CONTROLLED,0,0,522.5833333333334,300,1,ea3a87d0,5347,NA,323538,0.08976849025947788,44.88424512974147,110.57954746890026
0.002,3.33,0.1,0.03,11,4009,8000,3759.502281696534,5393,1542.7033333333334,0.1549811910261424,RUNAWAY,0,1,1628.0133333333333,300,1,0c11e342,600,263.68666666666667,0.9266300912699416,CONTROLLED,0,0,138.02333333333334,300,1,4a057c84,1800,378.69666666666666,0.8945330035472542,CONTROLLED,0,0,519.92,300,1,a32a8d1d,5393,NA,323143,0.08875223444860901,44.376117224306505,108.86702916569634
0.002,3.33,0.1,0.03,11,4010,8000,3759.502281696534,5981,1784.8833333333334,0.11533900441672192,RUNAWAY,0,1,1682.0066666666667,300,1,5cba49e7,600,299.3933333333333,0.9248480260081499,CONTROLLED,0,0,146.53333333333333,300,1,55f5cc46,1800,365.9033333333333,0.9165535523954415,CONTROLLED,0,0,520.3766666666667,300,1,1c0c2b6d,5981,NA,320070,0.08871354579503277,44.356772897515825,124.51868738065518
0.004,3.33,0.1,0.03,11,4001,5000,2257.2116127498302,2748,1565.0633333333333,0.20887333632930724,RUNAWAY,0,1,798.0366666666666,300,1,f4abe5e1,600,328.33666666666664,0.9129856549679699,CONTROLLED,0,0,139.52333333333334,300,1,55993904,1800,474.49666666666667,0.6856739422124497,CONTROLLED,0,0,522.7833333333333,300,1,c524dd25,2748,NA,160264,0.08817537903390595,22.043844758476258,55.19414686210387
0.004,3.33,0.1,0.03,11,4002,5000,2257.2116127498302,2836,1692.62,0.280287365149886,RUNAWAY,0,1,854.7733333333333,300,1,bdaaae3f,600,320.5933333333333,0.9122356464056229,CONTROLLED,0,0,144.31,300,1,a490c4bb,1800,517.42,0.6465604988854959,CONTROLLED,0,0,537.67,300,1,80625150,2836,NA,162975,0.09136640893346921,22.841602233367436,57.969055319242564
0.004,3.33,0.1,0.03,11,4003,5000,2257.2116127498302,2870,1772.0666666666666,0.12245777058801399,RUNAWAY,0,1,736.02,300,1,b74782c6,600,309.1433333333333,0.9242638258413034,CONTROLLED,0,0,151.41333333333333,300,1,d131d832,1800,439.4066666666667,0.7918025822700308,CONTROLLED,0,0,524.03,300,1,5f688d43,2870,NA,154569,0.08410203962943781,21.025509907358785,57.80293816365959
0.004,3.33,0.1,0.03,11,4004,5000,2257.2116127498302,2696,1768.67,0.11713886705829804,RUNAWAY,0,1,807.0233333333333,300,1,22165540,600,312.71666666666664,0.9263550604913926,CONTROLLED,0,0,149.53,300,1,b7d3e3a1,1800,435.7966666666667,0.7274416968157933,CONTROLLED,0,0,532.2266666666667,300,1,48502a44,2696,NA,161292,0.08902508753828517,22.256271884571284,54.46610429855694
0.004,3.33,0.1,0.03,11,4005,5000,2257.2116127498302,2791,1583.7933333333333,0.2614798227041407,RUNAWAY,0,1,795.05,300,1,a862e946,600,310.2733333333333,0.9239917492103736,CONTROLLED,0,0,120.79333333333334,300,1,44e41224,1800,555.4566666666667,0.7669965253815179,CONTROLLED,0,0,502.06333333333333,300,1,4d09c36e,2791,NA,159169,0.08818323828255553,22.045809570639324,54.84385854500671
0.004,3.33,0.1,0.03,11,4006,5000,2257.2116127498302,2761,1706.4633333333334,0.12729250945913478,RUNAWAY,0,1,818.02,300,1,ff05d8a6,600,325.6066666666667,0.9207530558342376,CONTROLLED,0,0,149.75,300,1,08b5496b,1800,436.65,0.8428184281842819,CONTROLLED,0,0,532.45,300,1,38814062,2761,NA,162383,0.09042191318661547,22.605478296654077,56.072401118389855
0.004,3.33,0.1,0.03,11,4007,5000,2257.2116127498302,2699,1817.2966666666666,0.15647601107138992,RUNAWAY,0,1,787.05,300,1,55f3c7e3,600,319.00666666666666,0.9284654448182901,CONTROLLED,0,0,135.28666666666666,300,1,baa98c49,1800,396.58666666666664,0.8087177245831092,CONTROLLED,0,0,518.0633333333334,300,1,d7e8ced1,2699,NA,158369,0.08743540146757717,21.858850366894334,53.691761639122355
0.004,3.33,0.1,0.03,11,4008,5000,2257.2116127498302,2701,1522.7833333333333,0.2762638589425066,RUNAWAY,0,1,809.0533333333333,300,1,69832766,600,317.78,0.9238361969496717,CONTROLLED,0,0,149.51,300,1,61b28eaf,1800,501.18,0.7704085026005294,CONTROLLED,0,0,540.0133333333333,300,1,1a9ffadb,2701,NA,160052,0.08763267867798288,21.908169669495962,54.768116665906085
0.004,3.33,0.1,0.03,11,4009,5000,2257.2116127498302,2618,1699.0033333333333,0.18814756102106922,RUNAWAY,0,1,776,300,1,d373dd6a,600,306,0.937843137254902,CONTROLLED,0,0,143.74333333333334,300,1,d8e89ffe,1800,458.0966666666667,0.7684404310589468,CONTROLLED,0,0,529.4566666666667,300,1,b77162e6,2618,NA,159232,0.08676030442194445,21.6900761054856,52.27642546378972
0.004,3.33,0.1,0.03,11,4010,5000,2257.2116127498302,2713,1689.8866666666668,0.26923699025181175,RUNAWAY,0,1,806.1333333333333,300,1,b167c763,600,322.48333333333335,0.9355832342756731,CONTROLLED,0,0,155.99,300,1,f72e6224,1800,624.0766666666667,0.736389225682742,CONTROLLED,0,0,539.2733333333333,300,1,64def694,2713,NA,161094,0.08885129114985002,22.212822787462606,55.437200022133936
0.0113,3.33,0.1,0.03,11,4001,2500,1051.0483509160265,1022,1577.91,0.2779816339334943,RUNAWAY,0,1,284.01,300,1,b1505878,600,541.2866666666666,0.7792605273853658,CONTROLLED,0,0,159.19666666666666,300,1,c62e0498,1022,1577.91,0.2779816339334943,RUNAWAY,0,1,284.01,300,1,b1505878,1022,NA,56230,0.08786273939331071,7.775463663124961,19.491052679046753
0.0113,3.33,0.1,0.03,11,4002,2500,1051.0483509160265,1021,1737.76,0.35193198907405704,RUNAWAY,0,1,277.2633333333333,300,1,426a8931,600,482.83,0.7995843947835332,CONTROLLED,0,0,155.32,300,1,73826794,1021,1737.76,0.35193198907405704,RUNAWAY,0,1,277.2633333333333,300,1,426a8931,1021,NA,56986,0.08837796199516272,7.821058583642801,19.012024122320323
0.0113,3.33,0.1,0.03,11,4003,2500,1051.0483509160265,1113,1545.9033333333334,0.3278320550444077,RUNAWAY,0,1,314.03,300,1,f416710c,600,486.43,0.7708680248614052,CONTROLLED,0,0,160.13666666666666,300,1,c57c3637,1113,1545.9033333333334,0.3278320550444077,RUNAWAY,0,1,314.03,300,1,f416710c,1113,NA,59147,0.09454630737405251,8.366929856110843,21.00142971724373
0.0113,3.33,0.1,0.03,11,4004,2500,1051.0483509160265,1110,1505.9066666666668,0.34815570686098296,RUNAWAY,0,1,308.01,300,1,6ebd9a80,600,440.78333333333336,0.7857148258781714,CONTROLLED,0,0,152.83333333333334,300,1,8c0cbf2e,1110,1505.9066666666668,0.34815570686098296,RUNAWAY,0,1,308.01,300,1,6ebd9a80,1110,NA,57982,0.09204150910096441,8.145266292120795,21.65997064340513
0.0113,3.33,0.1,0.03,11,4005,2500,1051.0483509160265,1082,1657.45,0.11369473186722576,RUNAWAY,0,1,294.0133333333333,300,1,b709f830,600,448.93,0.7997980382984726,CONTROLLED,0,0,153.41,300,1,b24d15ed,1082,1657.45,0.11369473186722576,RUNAWAY,0,1,294.0133333333333,300,1,b709f830,1082,NA,57842,0.09222283285195508,8.161312641766024,20.751072666169176
0.0113,3.33,0.1,0.03,11,4006,2500,1051.0483509160265,1077,1578.01,0.24332967894162055,RUNAWAY,0,1,301,300,1,ba48e3a2,600,458.04333333333335,0.7439106925836712,CONTROLLED,0,0,161.21333333333334,300,1,848ab9dd,1077,1578.01,0.24332967894162055,RUNAWAY,0,1,301,300,1,ba48e3a2,1077,NA,57202,0.09021051959463967,7.983231822534399,20.471097890045918
0.0113,3.33,0.1,0.03,11,4007,2500,1051.0483509160265,1139,1658.2433333333333,0.19025354139822664,RUNAWAY,0,1,295.02,300,1,c24b0c2d,600,436.3666666666667,0.8110304789550072,CONTROLLED,0,0,139.92666666666668,300,1,d6965afa,1139,1658.2433333333333,0.19025354139822664,RUNAWAY,0,1,295.02,300,1,c24b0c2d,1139,NA,56994,0.09019346549176904,7.981722609890962,20.30490967250976
0.0113,3.33,0.1,0.03,11,4008,2500,1051.0483509160265,1070,1590.7666666666667,0.32413301762253,RUNAWAY,0,1,282.03,300,1,4c63362d,600,414.9533333333333,0.8392269010169818,CONTROLLED,0,0,138.51333333333332,300,1,4a2ef9a1,1070,1590.7666666666667,0.32413301762253,RUNAWAY,0,1,282.03,300,1,4c63362d,1070,NA,57376,0.09041924000547918,8.00170265535236,19.44711642707266
0.0113,3.33,0.1,0.03,11,4009,2500,1051.0483509160265,964,1634.87,0.40992657927949416,RUNAWAY,0,1,258.03333333333336,300,1,5d5f5a55,600,484.58666666666664,0.8014734206471494,CONTROLLED,0,0,141.53333333333333,300,1,8f6b8a42,964,1634.87,0.40992657927949416,RUNAWAY,0,1,258.03333333333336,300,1,5d5f5a55,964,NA,54965,0.08606763668786045,7.616605016624742,18.674421646920305
0.0113,3.33,0.1,0.03,11,4010,2500,1051.0483509160265,1066,1642.9733333333334,0.19135429262394196,RUNAWAY,0,1,286,300,1,59ab2db8,600,512.7533333333333,0.8014509900797004,CONTROLLED,0,0,146.3,300,1,4ece3fa0,1066,1642.9733333333334,0.19135429262394196,RUNAWAY,0,1,286,300,1,59ab2db8,1066,NA,57656,0.08964784769076926,7.933437848740759,19.943706086095336
0.0226,3.33,0.1,0.03,11,4001,1500,631.0512311163204,612,1518.3366666666666,0.23181288295744684,RUNAWAY,0,1,155,300,1,ee70e06c,600,779.0266666666666,0.7128339637496363,CONTROLLED,0,0,152.99666666666667,300,1,bfb502df,612,1518.3366666666666,0.23181288295744684,RUNAWAY,0,1,155,300,1,ee70e06c,612,NA,29132,0.09066470356091007,4.011712546942969,11.247307116748892
0.0226,3.33,0.1,0.03,11,4002,1500,631.0512311163204,678,1590.4733333333334,0.11079930083706738,RUNAWAY,0,1,160,300,1,4021f496,600,561.55,0.7486184073843232,CONTROLLED,0,0,148.94,300,1,632c8669,678,1590.4733333333334,0.11079930083706738,RUNAWAY,0,1,160,300,1,4021f496,678,NA,28674,0.09214968321954783,4.077419611484395,13.090277117598806
0.0226,3.33,0.1,0.03,11,4003,1500,631.0512311163204,580,1635.2966666666666,0.38477218200978824,RUNAWAY,0,1,141.98333333333332,300,1,79682977,580,1635.2966666666666,0.38477218200978824,RUNAWAY,0,1,141.98333333333332,300,1,79682977,580,1635.2966666666666,0.38477218200978824,RUNAWAY,0,1,141.98333333333332,300,1,79682977,580,NA,27946,0.09014691915046237,3.9888017323213796,9.89769855326011
0.0226,3.33,0.1,0.03,11,4004,1500,631.0512311163204,622,1667.45,0.2097194318670225,RUNAWAY,0,1,153,300,1,0db9d885,600,633.6066666666667,0.30782504392840987,CONTROLLED,0,0,148.01333333333332,300,1,2f8b6341,622,1667.45,0.2097194318670225,RUNAWAY,0,1,153,300,1,0db9d885,622,NA,29542,0.09240624127882006,4.088771738000919,11.515610504529327
0.0226,3.33,0.1,0.03,11,4005,1500,631.0512311163204,648,1784.29,0.16509834910991675,RUNAWAY,0,1,144,300,1,b2285de2,600,428.82666666666665,0.7511504259685343,CONTROLLED,0,0,131.99,300,1,37e0fe6f,648,1784.29,0.16509834910991675,RUNAWAY,0,1,144,300,1,b2285de2,648,NA,28370,0.09151203540345476,4.049205106347604,10.774232995913149
0.0226,3.33,0.1,0.03,11,4006,1500,631.0512311163204,594,1586.9066666666668,0.32749248012905613,RUNAWAY,0,1,153,300,1,9f9cbdb6,594,1586.9066666666668,0.32749248012905613,RUNAWAY,0,1,153,300,1,9f9cbdb6,594,1586.9066666666668,0.32749248012905613,RUNAWAY,0,1,153,300,1,9f9cbdb6,594,NA,30070,0.0946331203529621,4.187306210308077,10.688279386853262
0.0226,3.33,0.1,0.03,11,4007,1500,631.0512311163204,608,1563.2766666666666,0.142295136497485,RUNAWAY,0,1,147,300,1,a90fc6d7,600,718.16,0.4603895139430396,CONTROLLED,0,0,146,300,1,fe70fbf2,608,1563.2766666666666,0.142295136497485,RUNAWAY,0,1,147,300,1,a90fc6d7,608,NA,28883,0.09162880029271621,4.0543716943680215,10.357213380711396
0.0226,3.33,0.1,0.03,11,4008,1500,631.0512311163204,536,1508.9633333333334,0.48546132112775,RUNAWAY,0,1,140.12,300,1,0f926cf0,536,1508.9633333333334,0.48546132112775,RUNAWAY,0,1,140.12,300,1,0f926cf0,536,1508.9633333333334,0.48546132112775,RUNAWAY,0,1,140.12,300,1,0f926cf0,536,NA,27985,0.08940788183577084,3.9561009661845787,9.888906197943406
0.0226,3.33,0.1,0.03,11,4009,1500,631.0512311163204,665,1746.4166666666667,0.12668225413942835,RUNAWAY,0,1,164,300,1,e842745d,600,940.42,0.3426695873474972,CONTROLLED,0,0,148.01666666666668,300,1,68871f51,665,1746.4166666666667,0.12668225413942835,RUNAWAY,0,1,164,300,1,e842745d,665,NA,29369,0.09324615607158948,4.125936109362349,11.126702698179818
0.0226,3.33,0.1,0.03,11,4010,1500,631.0512311163204,629,1737.2333333333333,0.18104649154786345,RUNAWAY,0,1,147.21,300,1,9c9c9f1e,600,1332.03,0.4411011763999309,CONTROLLED,0,0,141.01,300,1,4cdc6570,629,1737.2333333333333,0.18104649154786345,RUNAWAY,0,1,147.21,300,1,9c9c9f1e,629,NA,27995,0.09078419094773767,4.016999599457362,10.615791834387315
0.0453,3.33,0.1,0.03,11,4001,1000,378.2684787372086,323,1511.4766666666667,0.33684718917261924,RUNAWAY,0,1,74,300,1,c90dfb86,323,1511.4766666666667,0.33684718917261924,RUNAWAY,0,1,74,300,1,c90dfb86,323,1511.4766666666667,0.33684718917261924,RUNAWAY,0,1,74,300,1,c90dfb86,323,NA,14460,0.09176444860576433,2.025705267235414,5.290943312136983
0.0453,3.33,0.1,0.03,11,4002,1000,378.2684787372086,354,1588.63,0.43390216727620656,RUNAWAY,0,1,76.09333333333333,300,1,d682cb59,354,1588.63,0.43390216727620656,RUNAWAY,0,1,76.09333333333333,300,1,d682cb59,354,1588.63,0.43390216727620656,RUNAWAY,0,1,76.09333333333333,300,1,d682cb59,354,NA,15118,0.09708585299574174,2.1431755628199096,5.128444078150418
0.0453,3.33,0.1,0.03,11,4003,1000,378.2684787372086,367,1500.6,0.3901061797503221,RUNAWAY,0,1,64,300,1,c09e8e05,367,1500.6,0.3901061797503221,RUNAWAY,0,1,64,300,1,c09e8e05,367,1500.6,0.3901061797503221,RUNAWAY,0,1,64,300,1,c09e8e05,367,NA,12202,0.0802248580202377,1.7709681682171579,6.080676128153626
0.0453,3.33,0.1,0.03,11,4004,1000,378.2684787372086,326,1652.5466666666666,0.169435457193342,RUNAWAY,0,1,65.16,300,1,5f82c010,326,1652.5466666666666,0.169435457193342,RUNAWAY,0,1,65.16,300,1,5f82c010,326,1652.5466666666666,0.169435457193342,RUNAWAY,0,1,65.16,300,1,5f82c010,326,NA,13689,0.08770443502145786,1.9360802432992927,5.2929954529440195
0.0453,3.33,0.1,0.03,11,4005,1000,378.2684787372086,361,1631.5,0.2797262233118807,RUNAWAY,0,1,76,300,1,ed39a9d2,361,1631.5,0.2797262233118807,RUNAWAY,0,1,76,300,1,ed39a9d2,361,1631.5,0.2797262233118807,RUNAWAY,0,1,76,300,1,ed39a9d2,361,NA,14719,0.0948205321696091,2.093168480565314,5.639568281374535
0.0453,3.33,0.1,0.03,11,4006,1000,378.2684787372086,341,1658.1966666666667,0.4010642083066142,RUNAWAY,0,1,73.07666666666667,300,1,68446db3,341,1658.1966666666667,0.4010642083066142,RUNAWAY,0,1,73.07666666666667,300,1,68446db3,341,1658.1966666666667,0.4010642083066142,RUNAWAY,0,1,73.07666666666667,300,1,68446db3,341,NA,14148,0.0897310301622912,1.9808174428762069,5.486187539619552
0.0453,3.33,0.1,0.03,11,4007,1000,378.2684787372086,343,1635.0666666666666,0.25470521079670555,RUNAWAY,0,1,77,300,1,afe2a391,343,1635.0666666666666,0.25470521079670555,RUNAWAY,0,1,77,300,1,afe2a391,343,1635.0666666666666,0.25470521079670555,RUNAWAY,0,1,77,300,1,afe2a391,343,NA,14669,0.09656910260681847,2.131768269466191,5.471099936685896
0.0453,3.33,0.1,0.03,11,4008,1000,378.2684787372086,321,1664.9066666666668,0.21861685940353012,RUNAWAY,0,1,69,300,1,333b0157,321,1664.9066666666668,0.21861685940353012,RUNAWAY,0,1,69,300,1,333b0157,321,1664.9066666666668,0.21861685940353012,RUNAWAY,0,1,69,300,1,333b0157,321,NA,14320,0.08808901939822435,1.9445699646407222,4.901364373653392
0.0453,3.33,0.1,0.03,11,4009,1000,378.2684787372086,387,1552.1733333333334,0.23805545772379375,RUNAWAY,0,1,78,300,1,efd3501a,387,1552.1733333333334,0.23805545772379375,RUNAWAY,0,1,78,300,1,efd3501a,387,1552.1733333333334,0.23805545772379375,RUNAWAY,0,1,78,300,1,efd3501a,387,NA,14297,0.09201562531566719,2.031250006968368,5.2501661282311485
0.0453,3.33,0.1,0.03,11,4010,1000,378.2684787372086,363,1596.4366666666667,0.34301600856908404,RUNAWAY,0,1,73.82333333333334,300,1,cf98f4f1,363,1596.4366666666667,0.34301600856908404,RUNAWAY,0,1,73.82333333333334,300,1,cf98f4f1,363,1596.4366666666667,0.34301600856908404,RUNAWAY,0,1,73.82333333333334,300,1,cf98f4f1,363,NA,14507,0.09506620332830035,2.0985916849514443,5.2298374871331434
0.002,5.00,0.1,0.02,25,4001,8000,4454.085180568274,6270,1617.9366666666667,0.12882457286131926,RUNAWAY,0,1,1282.0233333333333,300,1,4b608d68,600,208.69,0.9575446835018449,CONTROLLED,0,0,78.69666666666667,300,1,73520b3f,1800,323.9266666666667,0.9319496182263475,CONTROLLED,0,0,337.31,300,1,e4d52427,6270,NA,235596,0.061080397583133786,30.54019879156738,87.56992980004638
0.002,5.00,0.1,0.02,25,4002,8000,4454.085180568274,5871,1937.6966666666667,0.11955087569605838,RUNAWAY,0,1,1278.0333333333333,300,1,0b31afbf,600,213.51666666666668,0.9577550542502536,CONTROLLED,0,0,97.52333333333333,300,1,4a5d7ef7,1800,307.7633333333333,0.9098441443100218,CONTROLLED,0,0,354.6433333333333,300,1,89be9702,5871,NA,236375,0.06164721762097653,30.823608810488455,80.4442742025237
0.002,5.00,0.1,0.02,25,4003,8000,4454.085180568274,5473,1774.7733333333333,0.11296278210175197,RUNAWAY,0,1,1174.0133333333333,300,1,4fb288b9,600,231.29333333333332,0.9432322591802618,CONTROLLED,0,0,94.78666666666666,300,1,bc091d8a,1800,314.16,0.9137594431712078,CONTROLLED,0,0,344.65,300,1,f43230d1,5473,NA,231791,0.05925078825572238,29.625394127861302,74.42310228806686
0.002,5.00,0.1,0.02,25,4004,8000,4454.085180568274,6451,1786.4566666666667,0.1398634541000155,RUNAWAY,0,1,1361.0466666666666,300,1,b130b7d7,600,217.18,0.9615986739110415,CONTROLLED,0,0,95.75,300,1,89e6310a,1800,315.02666666666664,0.87577771193973,CONTROLLED,0,0,349.54333333333335,300,1,cdbc5fb1,6451,NA,239220,0.06304349517030496,31.52174758515277,89.59177399037583
0.002,5.00,0.1,0.02,25,4005,8000,4454.085180568274,6494,1733.2933333333333,0.11674115556512843,RUNAWAY,0,1,1345,300,1,838659e4,600,206.32,0.9448106501227866,CONTROLLED,0,0,93.95666666666666,300,1,2d04c135,1800,307.69,0.9187277237912618,CONTROLLED,0,0,351.26666666666665,300,1,3d85801c,6494,NA,236195,0.062124910675943466,31.062455337971624,88.87213149939507
0.002,5.00,0.1,0.02,25,4006,8000,4454.085180568274,6593,1761.4766666666667,0.17652613432290712,RUNAWAY,0,1,1325.11,300,1,85e1fd3b,600,222.46666666666667,0.9525621816002398,CONTROLLED,0,0,93.53,300,1,d2823fbb,1800,315.2733333333333,0.9124674885284727,CONTROLLED,0,0,344,300,1,2b6f4dc0,6593,NA,236163,0.062016098582689125,31.008049291345774,90.63769226540971
0.002,5.00,0.1,0.02,25,4007,8000,4454.085180568274,5466,1624.43,0.15866078152541713,RUNAWAY,0,1,1191,300,1,8ebb5748,600,224.75666666666666,0.947098343393596,CONTROLLED,0,0,98.30333333333333,300,1,7374611c,1800,314.44666666666666,0.9075624907244472,CONTROLLED,0,0,355.02666666666664,300,1,4a50ae33,5466,NA,231258,0.05984826419521773,29.924132097608798,75.76062588535794
0.002,5.00,0.1,0.02,25,4008,8000,4454.085180568274,5807,1555.17,0.28281366881648523,RUNAWAY,0,1,1257.0066666666667,300,1,326bd02a,600,229.97,0.948630980852575,CONTROLLED,0,0,87.85666666666667,300,1,9bb85571,1800,291.49,0.931615721522751,CONTROLLED,0,0,341.94,300,1,dcc25b19,5807,NA,235105,0.06127134560389483,30.63567280194652,79.36777270469722
0.002,5.00,0.1,0.02,25,4009,8000,4454.085180568274,6465,1651.1566666666668,0.0935970138105207,RUNAWAY,0,1,1338,300,1,247751c2,600,210.6,0.9519151630262741,CONTROLLED,0,0,91.00666666666666,300,1,3447461e,1800,296.24,0.9289765055360518,CONTROLLED,0,0,345.28333333333336,300,1,da422236,6465,NA,237556,0.0627373852243031,31.368692612152007,87.56906740323237
0.002,5.00,0.1,0.02,25,4010,8000,4454.085180568274,6129,1546.78,0.15029286647099135,RUNAWAY,0,1,1213.02,300,1,137c1e5d,600,210.26,0.9418814800722914,CONTROLLED,0,0,84.33666666666667,300,1,adf1f1af,1800,311.73,0.9309765929917985,CONTROLLED,0,0,336.73,300,1,bf653525,6129,NA,229054,0.058765070659253765,29.38253532962705,86.35386004544738
0.004,5.00,0.1,0.02,25,4001,5000,2658.1622160671636,3303,1813.8033333333333,0.09652828954260018,RUNAWAY,0,1,645,300,1,de75e974,600,244.36666666666667,0.9365434456417951,CONTROLLED,0,0,98.04,300,1,58aaa5bf,1800,406.06666666666666,0.811714004268593,CONTROLLED,0,0,363.5233333333333,300,1,f988d11f,3303,NA,116119,0.06039743424675671,15.099358561689488,44.61827687220719
0.004,5.00,0.1,0.02,25,4002,5000,2658.1622160671636,3058,1751.7466666666667,0.12860116759653223,RUNAWAY,0,1,639.0633333333334,300,1,ad73a9dc,600,261.79,0.9331652596865172,CONTROLLED,0,0,82.58,300,1,7eece2c2,1800,425.33666666666664,0.8343351541132122,CONTROLLED,0,0,351.11,300,1,e32aaa33,3058,NA,117481,0.062191645836109234,15.547911459027338,40.569043121459636
0.004,5.00,0.1,0.02,25,4003,5000,2658.1622160671636,3085,1700.5033333333333,0.1751344209851593,RUNAWAY,0,1,648.16,300,1,73ef20b1,600,238.82,0.9360885464645619,CONTROLLED,0,0,99.41,300,1,0c374465,1800,431.61,0.85572623433192,CONTROLLED,0,0,361.45,300,1,16af306d,3085,NA,119137,0.06207538797511496,15.518846993778947,41.119540640223306
0.004,5.00,0.1,0.02,25,4004,5000,2658.1622160671636,3024,1537.96,0.17171231154689762,RUNAWAY,0,1,632,300,1,2b616da8,600,271.29,0.9286863995478394,CONTROLLED,0,0,91.48666666666666,300,1,76dc16fd,1800,438.32,0.746859220052321,CONTROLLED,0,0,354.77666666666664,300,1,32de2892,3024,NA,117235,0.061384357472973404,15.346089368243447,40.44435727763023
0.004,5.00,0.1,0.02,25,4005,5000,2658.1622160671636,2959,1588.21,0.16131577897968993,RUNAWAY,0,1,630.0333333333333,300,1,988a2fc9,600,254.64666666666668,0.938437573631437,CONTROLLED,0,0,100.29666666666667,300,1,789d020d,1800,483.8466666666667,0.7336139548341761,CONTROLLED,0,0,365.00333333333333,300,1,6b92395c,2959,NA,118033,0.06125890101583742,15.314725253959255,40.61524207849875
0.004,5.00,0.1,0.02,25,4006,5000,2658.1622160671636,3011,1541.6,0.15169520844144613,RUNAWAY,0,1,641,300,1,a761e7d3,600,268.8666666666667,0.9425861641457972,CONTROLLED,0,0,104.43,300,1,ab146e11,1800,459.09,0.7520820173241267,CONTROLLED,0,0,367.24,300,1,e86c8f72,3011,NA,118077,0.06195554800073146,15.488887000182805,40.81284386610529
0.004,5.00,0.1,0.02,25,4007,5000,2658.1622160671636,3324,1538.2566666666667,0.15574557345219806,RUNAWAY,0,1,619.0566666666666,300,1,b29fe22d,600,266.6166666666667,0.9399887478902295,CONTROLLED,0,0,91.18,300,1,f0ec9af4,1800,465.20666666666665,0.8252461271692868,CONTROLLED,0,0,354.5133333333333,300,1,91326196,3324,NA,114565,0.05953151279508218,14.882878198770268,45.65567562608956
0.004,5.00,0.1,0.02,25,4008,5000,2658.1622160671636,3147,1899.09,0.10874506561914742,RUNAWAY,0,1,361.01,300,1,7f03c879,600,202.12666666666667,0.9440614796002507,CONTROLLED,0,0,52.11333333333334,300,1,8c60dbea,1800,386.43666666666667,0.8473316024186801,CONTROLLED,0,0,192.30666666666667,300,1,12886adc,3147,NA,61545,0.061610685123706335,15.40267128092682,45.009687059804264
0.004,5.00,0.1,0.02,25,4009,5000,2658.1622160671636,3089,1611.4266666666667,0.22209098355908222,RUNAWAY,0,1,616,300,1,c53f1648,600,257.26,0.9120474746689471,CONTROLLED,0,0,99.62666666666667,300,1,afbb4b04,1800,455.04,0.8125879043600562,CONTROLLED,0,0,366.35333333333335,300,1,70af6c5e,3089,NA,116219,0.059677547833834665,14.919386958458482,42.749128044431295
0.004,5.00,0.1,0.02,25,4010,5000,2658.1622160671636,3066,1550.79,0.558147782742989,RUNAWAY,0,1,627.04,300,1,55c36bbd,600,239.22333333333333,0.9461312302311647,CONTROLLED,0,0,81.05,300,1,85468d1b,1800,433.27666666666664,0.8584661071063139,CONTROLLED,0,0,345.1166666666667,300,1,a5ce166b,3066,NA,116341,0.06080364214850143,15.200910537125175,41.20125073458285
0.0113,5.00,0.1,0.02,25,4001,2500,1226.6143445248258,1254,1680.0133333333333,0.3889969127229149,RUNAWAY,0,1,240.97,300,1,9abcfd3e,600,372.2633333333333,0.8930774809946365,CONTROLLED,0,0,96.12666666666667,300,1,ea35478d,1254,1680.0133333333333,0.3889969127229149,RUNAWAY,0,1,240.97,300,1,9abcfd3e,1254,NA,42069,0.06360595915766633,5.628845943156339,15.594769155270116
0.0113,5.00,0.1,0.02,25,4002,2500,1226.6143445248258,1210,1709.2266666666667,0.17283839865202197,RUNAWAY,0,1,227.00333333333333,300,1,6f204722,600,321.8833333333333,0.9281313105162325,CONTROLLED,0,0,89.68,300,1,f5574f44,1210,1709.2266666666667,0.17283839865202197,RUNAWAY,0,1,227.00333333333333,300,1,6f204722,1210,NA,41366,0.06217326509959651,5.502058858371458,14.961624795219118
0.0113,5.00,0.1,0.02,25,4003,2500,1226.6143445248258,1244,1721.99,0.18783694059392525,RUNAWAY,0,1,239.00666666666666,300,1,9ead6dfc,600,373.8566666666667,0.8922581738099271,CONTROLLED,0,0,98.59333333333333,300,1,b58bf093,1244,1721.99,0.18783694059392525,RUNAWAY,0,1,239.00666666666666,300,1,9ead6dfc,1244,NA,42259,0.06333708364507516,5.605051650006616,15.702811869835932
0.0113,5.00,0.1,0.02,25,4004,2500,1226.6143445248258,1133,1524.3033333333333,0.12433876896768141,RUNAWAY,0,1,221.02666666666667,300,1,97d676cc,600,387.98333333333335,0.8753984277675158,CONTROLLED,0,0,104.27666666666667,300,1,0b1c43ad,1133,1524.3033333333333,0.12433876896768141,RUNAWAY,0,1,221.02666666666667,300,1,97d676cc,1133,NA,42028,0.060926679044728226,5.391741508383033,14.546403644638445
0.0113,5.00,0.1,0.02,25,4005,2500,1226.6143445248258,1281,1574.0066666666667,0.15057538934608494,RUNAWAY,0,1,228.01333333333332,300,1,f18a4fbf,600,336.2,0.8884096767796946,CONTROLLED,0,0,74.29666666666667,300,1,f03f5b1d,1281,1574.0066666666667,0.15057538934608494,RUNAWAY,0,1,228.01333333333332,300,1,f18a4fbf,1281,NA,41748,0.06140462031286222,5.4340371958284575,15.140004786438654
0.0113,5.00,0.1,0.02,25,4006,2500,1226.6143445248258,1271,1604.74,0.16788804832350826,RUNAWAY,0,1,239.03333333333333,300,1,62a170f4,600,356.0233333333333,0.9008585579596843,CONTROLLED,0,0,92.43,300,1,2efca94c,1271,1604.74,0.16788804832350826,RUNAWAY,0,1,239.03333333333333,300,1,62a170f4,1271,NA,42724,0.06393307369055952,5.6577941319079015,15.214692489358693
0.0113,5.00,0.1,0.02,25,4007,2500,1226.6143445248258,1213,1850.2633333333333,0.1405079277003814,RUNAWAY,0,1,223.00666666666666,300,1,679f03c0,600,354.2966666666667,0.8988042036334898,CONTROLLED,0,0,84.91,300,1,4e336822,1213,1850.2633333333333,0.1405079277003814,RUNAWAY,0,1,223.00666666666666,300,1,679f03c0,1213,NA,41457,0.060959921166891334,5.394683289105494,15.184898452093943
0.0113,5.00,0.1,0.02,25,4008,2500,1226.6143445248258,1277,1590.7333333333333,0.1688277943087046,RUNAWAY,0,1,240.04333333333332,300,1,640e554b,600,342.14,0.9120048323298455,CONTROLLED,0,0,83.41,300,1,ee6ea78f,1277,1590.7333333333333,0.1688277943087046,RUNAWAY,0,1,240.04333333333332,300,1,640e554b,1277,NA,41663,0.06267878893774416,5.5467954812162565,15.534768306398425
0.0113,5.00,0.1,0.02,25,4009,2500,1226.6143445248258,1304,1538.9866666666667,0.2344767985860826,RUNAWAY,0,1,232.01666666666668,300,1,eaa11503,600,329.52,0.9083818888079631,CONTROLLED,0,0,79.68,300,1,da0e0ed6,1304,1538.9866666666667,0.2344767985860826,RUNAWAY,0,1,232.01666666666668,300,1,eaa11503,1304,NA,42089,0.06272248323958933,5.550662233592009,15.086960117155687
0.0113,5.00,0.1,0.02,25,4010,2500,1226.6143445248258,1161,1533.5133333333333,0.25754150599712206,RUNAWAY,0,1,228.00666666666666,300,1,d2bcb266,600,419.0566666666667,0.89991011557705,CONTROLLED,0,0,102.23666666666666,300,1,a37f6989,1161,1533.5133333333333,0.25754150599712206,RUNAWAY,0,1,228.00666666666666,300,1,d2bcb266,1161,NA,41679,0.061993089249407274,5.486114092867849,14.94031431754857
0.0226,5.00,0.1,0.02,25,4001,1500,732.0335763955657,719,1596.7933333333333,0.15511295554841162,RUNAWAY,0,1,122,300,1,57b4d7d0,600,484.49,0.7659050410397188,CONTROLLED,0,0,97.75666666666666,300,1,be13856e,719,1596.7933333333333,0.15511295554841162,RUNAWAY,0,1,122,300,1,57b4d7d0,719,NA,21157,0.06343133373594514,2.80669618300643,8.164917452382145
0.0226,5.00,0.1,0.02,25,4002,1500,732.0335763955657,614,1514.43,0.28127854484305426,RUNAWAY,0,1,100.02333333333333,300,1,bc6033f5,600,554.1466666666666,0.40863429657611705,CONTROLLED,0,0,97.02666666666667,300,1,6456528c,614,1514.43,0.28127854484305426,RUNAWAY,0,1,100.02333333333333,300,1,bc6033f5,614,NA,20695,0.059692699039957366,2.6412698690247,6.882891803597585
0.0226,5.00,0.1,0.02,25,4003,1500,732.0335763955657,645,1585.64,0.31237439351513163,RUNAWAY,0,1,118,300,1,1e570338,600,665.58,0.6250888948986849,CONTROLLED,0,0,109.00333333333333,300,1,9a376bf9,645,1585.64,0.31237439351513163,RUNAWAY,0,1,118,300,1,1e570338,645,NA,20814,0.06284078949354745,2.7805659067941173,7.577108181095846
0.0226,5.00,0.1,0.02,25,4004,1500,732.0335763955657,662,1541.1466666666668,0.1394632567958057,RUNAWAY,0,1,109,300,1,32073dc3,600,574.2066666666667,0.45531806202180397,CONTROLLED,0,0,102.05,300,1,bd318d64,662,1541.1466666666668,0.1394632567958057,RUNAWAY,0,1,109,300,1,32073dc3,662,NA,19721,0.05935645151619415,2.626391660008593,7.745573559056603
0.0226,5.00,0.1,0.02,25,4005,1500,732.0335763955657,752,1513.19,0.4741352154499215,RUNAWAY,0,1,126,300,1,fa53a426,600,420.83,0.7940419330054099,CONTROLLED,0,0,95,300,1,e6fed97a,752,1513.19,0.4741352154499215,RUNAWAY,0,1,126,300,1,fa53a426,752,NA,21633,0.06637946402168082,2.937144425738143,7.818546690466574
0.0226,5.00,0.1,0.02,25,4006,1500,732.0335763955657,605,1622.0166666666667,0.2301682062453119,RUNAWAY,0,1,109.03333333333333,300,1,3e5fae72,600,780.4366666666666,0.3158103796592506,CONTROLLED,0,0,108,300,1,4d9e8038,605,1622.0166666666667,0.2301682062453119,RUNAWAY,0,1,109.03333333333333,300,1,3e5fae72,605,NA,20841,0.06106815221610797,2.702130629031309,6.985692448979765
0.0226,5.00,0.1,0.02,25,4007,1500,732.0335763955657,690,1687.22,0.3626122655413441,RUNAWAY,0,1,123.00666666666666,300,1,efb10243,600,593.1766666666666,0.5773378363950031,CONTROLLED,0,0,103,300,1,5e0895ea,690,1687.22,0.3626122655413441,RUNAWAY,0,1,123.00666666666666,300,1,efb10243,690,NA,21677,0.06652488856541025,2.9435791400624383,7.769309457095014
0.0226,5.00,0.1,0.02,25,4008,1500,732.0335763955657,674,1679.64,0.12378843085423066,RUNAWAY,0,1,120,300,1,3e4fd66f,600,474.49,0.6140628183242358,CONTROLLED,0,0,105,300,1,1ba734cd,674,1679.64,0.12378843085423066,RUNAWAY,0,1,120,300,1,3e4fd66f,674,NA,21114,0.06588877738033685,2.915432627448598,8.110985441390984
0.0226,5.00,0.1,0.02,25,4009,1500,732.0335763955657,727,1699.8866666666668,0.15452206617696082,RUNAWAY,0,1,126.09,300,1,1410b0d0,600,740.5,0.5596308800360117,CONTROLLED,0,0,100.72333333333333,300,1,4f6daad5,727,1699.8866666666668,0.15452206617696082,RUNAWAY,0,1,126.09,300,1,1410b0d0,727,NA,21883,0.06467907322362694,2.8619058948507683,8.152598926656756
0.0226,5.00,0.1,0.02,25,4010,1500,732.0335763955657,690,1835.98,0.09777521178516832,RUNAWAY,0,1,112,300,1,50f79308,600,483.49,0.7451653601935925,CONTROLLED,0,0,93.01333333333334,300,1,6e0c4f01,690,1835.98,0.09777521178516832,RUNAWAY,0,1,112,300,1,50f79308,690,NA,20739,0.060772553713597494,2.689051049274237,7.588961069823444
0.0453,5.00,0.1,0.02,25,4001,1000,436.1533625261376,413,1689.5366666666666,0.4049275836965164,RUNAWAY,0,1,64.01,300,1,5c0d0880,413,1689.5366666666666,0.4049275836965164,RUNAWAY,0,1,64.01,300,1,5c0d0880,413,1689.5366666666666,0.4049275836965164,RUNAWAY,0,1,64.01,300,1,5c0d0880,413,NA,10545,0.06571011291803898,1.45055436905164,3.8485966778202307
0.0453,5.00,0.1,0.02,25,4002,1000,436.1533625261376,395,1619.26,0.10743384838341793,RUNAWAY,0,1,45.00333333333333,300,1,2aaf34c4,395,1619.26,0.10743384838341793,RUNAWAY,0,1,45.00333333333333,300,1,2aaf34c4,395,1619.26,0.10743384838341793,RUNAWAY,0,1,45.00333333333333,300,1,2aaf34c4,395,NA,9069,0.054760772176964026,1.2088470679241505,3.7498936583606786
0.0453,5.00,0.1,0.02,25,4003,1000,436.1533625261376,406,1798.2866666666666,0.0988477921577205,RUNAWAY,0,1,51.02,300,1,75416e3a,406,1798.2866666666666,0.0988477921577205,RUNAWAY,0,1,51.02,300,1,75416e3a,406,1798.2866666666666,0.0988477921577205,RUNAWAY,0,1,51.02,300,1,75416e3a,406,NA,10139,0.06305888845205135,1.392028442650135,3.8570405206112794
0.0453,5.00,0.1,0.02,25,4004,1000,436.1533625261376,388,1607.9633333333334,0.14638808098857975,RUNAWAY,0,1,60,300,1,9b5dc98a,388,1607.9633333333334,0.14638808098857975,RUNAWAY,0,1,60,300,1,9b5dc98a,388,1607.9633333333334,0.14638808098857975,RUNAWAY,0,1,60,300,1,9b5dc98a,388,NA,10004,0.060896274269755614,1.3442886152263929,4.2312808919786296
0.0453,5.00,0.1,0.02,25,4005,1000,436.1533625261376,379,1631.8633333333332,0.16650904181109938,RUNAWAY,0,1,56,300,1,c2f9ff70,379,1631.8633333333332,0.16650904181109938,RUNAWAY,0,1,56,300,1,c2f9ff70,379,1631.8633333333332,0.16650904181109938,RUNAWAY,0,1,56,300,1,c2f9ff70,379,NA,10038,0.06114816793064934,1.3498491816920315,4.364155884293738
0.0453,5.00,0.1,0.02,25,4006,1000,436.1533625261376,368,1831.26,0.11430745315611474,RUNAWAY,0,1,48.18333333333333,300,1,86c37c3f,368,1831.26,0.11430745315611474,RUNAWAY,0,1,48.18333333333333,300,1,86c37c3f,368,1831.26,0.11430745315611474,RUNAWAY,0,1,48.18333333333333,300,1,86c37c3f,368,NA,10078,0.0582583870509827,1.2860571092932178,3.8664186836576335
0.0453,5.00,0.1,0.02,25,4007,1000,436.1533625261376,392,1845.9266666666667,0.10988518864960327,RUNAWAY,0,1,56.153333333333336,300,1,953f088f,392,1845.9266666666667,0.10988518864960327,RUNAWAY,0,1,56.153333333333336,300,1,953f088f,392,1845.9266666666667,0.10988518864960327,RUNAWAY,0,1,56.153333333333336,300,1,953f088f,392,NA,10498,0.06484250389655682,1.4314018520211218,4.045025453022186
0.0453,5.00,0.1,0.02,25,4008,1000,436.1533625261376,437,1599.5166666666667,0.14657136009836305,RUNAWAY,0,1,56.04333333333334,300,1,e36d4eb6,437,1599.5166666666667,0.14657136009836305,RUNAWAY,0,1,56.04333333333334,300,1,e36d4eb6,437,1599.5166666666667,0.14657136009836305,RUNAWAY,0,1,56.04333333333334,300,1,e36d4eb6,437,NA,9991,0.06114862068373498,1.3498591762413943,4.1594802425789865
0.0453,5.00,0.1,0.02,25,4009,1000,436.1533625261376,397,1562.62,0.15837290362766807,RUNAWAY,0,1,53.00333333333333,300,1,3f9c8469,397,1562.62,0.15837290362766807,RUNAWAY,0,1,53.00333333333333,300,1,3f9c8469,397,1562.62,0.15837290362766807,RUNAWAY,0,1,53.00333333333333,300,1,3f9c8469,397,NA,10301,0.06004915407218444,1.32558839011445,3.727849190786864
0.0453,5.00,0.1,0.02,25,4010,1000,436.1533625261376,410,1746.15,0.10998673271673873,RUNAWAY,0,1,55.013333333333335,300,1,45673349,410,1746.15,0.10998673271673873,RUNAWAY,0,1,55.013333333333335,300,1,45673349,410,1746.15,0.10998673271673873,RUNAWAY,0,1,55.013333333333335,300,1,45673349,410,NA,10535,0.06252714181459486,1.380290106282446,4.089390784576552
