role,seed,generation,copies_per_genome
control,6001,1000,217.72
control,6001,2000,245.07
control,6001,3000,276.85
control,6001,4000,323.27666666666664
control,6001,5000,385.3933333333333
control,6001,6000,410.32
control,6001,7000,400.7366666666667
control,6001,8000,477.3333333333333
control,6001,9000,501.94666666666666
control,6001,10000,838.2
control,6001,11000,634.48
control,6002,1000,214.28
control,6002,2000,241.03
control,6002,3000,299.66333333333336
control,6002,4000,339.07666666666665
control,6002,5000,366.18
control,6002,6000,442.1533333333333
control,6002,7000,455.72
control,6002,8000,465.46666666666664
control,6002,9000,497.88666666666666
control,6002,10000,499.3333333333333
control,6002,11000,354.9433333333333
control,6003,1000,203.78
control,6003,2000,247.31333333333333
control,6003,3000,273.75
control,6003,4000,328.73
control,6003,5000,362.52666666666664
control,6003,6000,417.04333333333335
control,6003,7000,480.7266666666667
control,6003,8000,460.7133333333333
control,6003,9000,527.3066666666666
control,6003,10000,497.9433333333333
control,6003,11000,471.04333333333335
control,6003,12000,344.00666666666666
control,6004,1000,212.83666666666667
control,6004,2000,264.56333333333333
control,6004,3000,290.1666666666667
control,6004,4000,349.96666666666664
control,6004,5000,378.13666666666666
control,6004,6000,366.91333333333336
control,6004,7000,423.76666666666665
control,6004,8000,562.0866666666667
control,6004,9000,509.32
control,6004,10000,511.41333333333336
control,6005,1000,202.08333333333334
control,6005,2000,257.23333333333335
control,6005,3000,270.5233333333333
control,6005,4000,326.5466666666667
control,6005,5000,369.0933333333333
control,6005,6000,379.3566666666667
control,6005,7000,473.4033333333333
control,6005,8000,450.04
control,6005,9000,397.50333333333333
control,6005,10000,490.54333333333335
control,6005,11000,456.43333333333334
control,6005,12000,617.52
control,6006,1000,233.15333333333334
control,6006,2000,250.12333333333333
control,6006,3000,274.55333333333334
control,6006,4000,336.5233333333333
control,6006,5000,366.02
control,6006,6000,417.2633333333333
control,6006,7000,348.58666666666664
control,6006,8000,476.7133333333333
control,6006,9000,502.5366666666667
control,6006,10000,543.9533333333334
control,6006,11000,608.94
control,6006,12000,523.3866666666667
control,6007,1000,232.76333333333332
control,6007,2000,240.10333333333332
control,6007,3000,298.42
control,6007,4000,313.36
control,6007,5000,378.5133333333333
control,6007,6000,420.18
control,6007,7000,450.3833333333333
control,6007,8000,492.0833333333333
control,6007,9000,597.13
control,6007,10000,467.8
control,6007,11000,509.58
control,6008,1000,146.76333333333332
control,6008,2000,175.26333333333332
control,6008,3000,201.18333333333334
control,6008,4000,245.61
control,6008,5000,284.59
control,6008,6000,326.61333333333334
control,6008,7000,341.6
control,6008,8000,333.20666666666665
control,6008,9000,362.32666666666665
control,6008,10000,361.00333333333333
control,6008,11000,586.5833333333334
control,6008,12000,502.45
control,6009,1000,221.26333333333332
control,6009,2000,253.38666666666666
control,6009,3000,306.81333333333333
control,6009,4000,304.21666666666664
control,6009,5000,376.03333333333336
control,6009,6000,348.17333333333335
control,6009,7000,455.95666666666665
control,6009,8000,469.6566666666667
control,6009,9000,452.38666666666666
control,6009,10000,623.5233333333333
control,6009,11000,431.39666666666665
control,6009,12000,473.9866666666667
control,6010,1000,215.16666666666666
control,6010,2000,246.81333333333333
control,6010,3000,312.3666666666667
control,6010,4000,334.0133333333333
control,6010,5000,376.66333333333336
control,6010,6000,412.06666666666666
control,6010,7000,452.74666666666667
control,6010,8000,476.11
control,6010,9000,557.35
control,6010,10000,623.1766666666666
control,6010,11000,703.4666666666667
named,6005,1000,201.46666666666667
named,6005,2000,227.08333333333334
named,6005,3000,222.20666666666668
named,6005,4000,226.93333333333334
named,6005,5000,271.38666666666666
named,6005,6000,296.48
named,6005,7000,306.0933333333333
named,6005,8000,352.2633333333333
named,6005,9000,354.8066666666667
named,6005,10000,375.48
named,6005,11000,436.26
named,6005,12000,428.7266666666667
named,6005,13000,357.46666666666664
named,6005,14000,385.00666666666666
named,6005,15000,514.2366666666667
named,6005,16000,466.5566666666667
named,6005,17000,532.83
named,6005,18000,692.12
named,6005,19000,581.5
named,6005,20000,685.8666666666667
named,6005,21000,670.8933333333333
named,6005,22000,697.1066666666667
named,6005,23000,484.76
named,6005,24000,740.24
named,6005,25000,560.2566666666667
named,6005,26000,421.76
named,6005,27000,700.9933333333333
named,6005,28000,773.9833333333333
named,6005,29000,582.9833333333333
named,6005,30000,564.8266666666667
named,6005,31000,719.2633333333333
named,6005,32000,487.4866666666667
named,6005,33000,592.5033333333333
named,6005,34000,529.6233333333333
named,6005,35000,529.1766666666666
named,6005,36000,585.8966666666666
named,6005,37000,678.03
named,6005,38000,465.41333333333336
named,6005,39000,649.33
named,6005,40000,522.0733333333334
named,6005,41000,761.9066666666666
named,6005,42000,654.0133333333333
named,6005,43000,718.4433333333334
named,6005,44000,455.74666666666667
named,6005,45000,490.62333333333333
named,6005,46000,533.5066666666667
named,6005,47000,706.5666666666667
named,6005,48000,412.45666666666665
named,6005,49000,472.3233333333333
named,6005,50000,421.6566666666667
named,6005,51000,641.21
named,6005,52000,543.24
named,6005,53000,713.5466666666666
named,6005,54000,649.0966666666667
named,6005,55000,669.26
named,6005,56000,741.2833333333333
named,6005,57000,655.5833333333334
named,6005,58000,499.33666666666664
named,6005,59000,421.36
named,6005,60000,585.1633333333333
named,6005,61000,462.71666666666664
named,6005,62000,485.0733333333333
named,6005,63000,511.56
named,6005,64000,673.89
named,6005,65000,654.99
named,6005,66000,582.9966666666667
named,6005,67000,585.5466666666666
named,6005,68000,608.2966666666666
named,6005,69000,628.6433333333333
named,6005,70000,679.08
named,6005,71000,420.30333333333334
named,6005,72000,678.11
named,6005,73000,603.93
named,6005,74000,532.6033333333334
named,6005,75000,550.6266666666667
named,6005,76000,698.2633333333333
named,6005,77000,529.1733333333333
named,6005,78000,564.6766666666666
named,6005,79000,491.56666666666666
named,6005,80000,549.7333333333333
named,6005,81000,483.6066666666667
named,6005,82000,676.7666666666667
named,6005,83000,636.5833333333334
named,6005,84000,434.3066666666667
named,6005,85000,543.5966666666667
named,6005,86000,417.70666666666665
named,6005,87000,533.6933333333334
named,6005,88000,696.72
named,6005,89000,615.25
named,6005,90000,459.25
named,6005,91000,757.45
named,6005,92000,539.5733333333334
named,6005,93000,766.34
named,6005,94000,625.9566666666667
named,6005,95000,659.0266666666666
named,6005,96000,654.02
named,6005,97000,441.58666666666664
named,6005,98000,478.2266666666667
named,6005,99000,474.61333333333334
named,6005,100000,605.3033333333333
named,6005,101000,387.15
named,6005,102000,542.83
named,6005,103000,431.65
named,6005,104000,495.8
named,6005,105000,607.94
named,6005,106000,675.7833333333333
named,6005,107000,497.6333333333333
named,6005,108000,554.1166666666667
named,6005,109000,696.56
named,6005,110000,616.4
named,6005,111000,519.9633333333334
named,6005,112000,666.7433333333333
named,6005,113000,714.19
named,6005,114000,743.0266666666666
named,6005,115000,635.5533333333333
named,6005,116000,730.8333333333334
named,6005,117000,441.14
named,6005,118000,503.8066666666667
named,6005,119000,599.2233333333334
named,6005,120000,579.8266666666667
named,6005,121000,781.3066666666666
named,6005,122000,538.9033333333333
named,6005,123000,680.0733333333334
named,6005,124000,555.99
named,6005,125000,718.28
named,6005,126000,506.53333333333336
named,6005,127000,410.88
named,6005,128000,513.6666666666666
named,6005,129000,549.7166666666667
named,6005,130000,759.7433333333333
named,6005,131000,466.63666666666666
named,6005,132000,502.89666666666665
named,6005,133000,556.3233333333334
named,6005,134000,546.5066666666667
named,6005,135000,578.5066666666667
named,6005,136000,781.3933333333333
named,6005,137000,648.0833333333334
named,6005,138000,540.2766666666666
named,6005,139000,483.49333333333334
named,6005,140000,472.4266666666667
named,6005,141000,513.7966666666666
named,6005,142000,557.0233333333333
named,6005,143000,668.7866666666666
named,6005,144000,629.9033333333333
named,6005,145000,611.2166666666667
named,6005,146000,676.6
named,6005,147000,618.4233333333333
named,6005,148000,460.6933333333333
named,6005,149000,587.1566666666666
named,6005,150000,624.5866666666667
named,6005,151000,525.88
named,6005,152000,719.3833333333333
named,6005,153000,492.45
named,6005,154000,612.08
named,6005,155000,406.69
named,6005,156000,732.85
named,6005,157000,430.81333333333333
named,6005,158000,615.67
named,6005,159000,448.9433333333333
named,6005,160000,635.3333333333334
named,6005,161000,627.8366666666667
named,6005,162000,535.2066666666667
named,6005,163000,574.95
named,6005,164000,460.1766666666667
named,6005,165000,488.67
named,6005,166000,627.4366666666666
named,6005,167000,473.0366666666667
named,6005,168000,531.08
named,6005,169000,646.5
named,6005,170000,681.71
named,6005,171000,522.7966666666666
named,6005,172000,767.8766666666667
named,6005,173000,401.57666666666665
named,6005,174000,670.4933333333333
named,6005,175000,619.97
named,6005,176000,798.3433333333334
named,6005,177000,593.24
named,6005,178000,526.0733333333334
named,6005,179000,567.23
named,6005,180000,516.6466666666666
named,6005,181000,595.3066666666666
named,6005,182000,505.69
named,6005,183000,562.9266666666666
named,6005,184000,504.3333333333333
named,6005,185000,747.7366666666667
named,6005,186000,723.05
named,6005,187000,538.8333333333334
named,6005,188000,628.49
named,6005,189000,535.7533333333333
named,6005,190000,481.0466666666667
named,6005,191000,691.0733333333334
named,6005,192000,646.8766666666667
named,6005,193000,604.66
named,6005,194000,797.8566666666667
named,6005,195000,817.71
named,6005,196000,512.4933333333333
named,6005,197000,812.0233333333333
named,6005,198000,580.5833333333334
named,6005,199000,513.8833333333333
named,6005,200000,473.35
named,6005,201000,665.09
named,6005,202000,488.49666666666667
named,6005,203000,555.9
named,6005,204000,672.31
named,6005,205000,424.08
named,6005,206000,467.85
named,6005,207000,476.18
named,6005,208000,396.3933333333333
named,6005,209000,455.50666666666666
named,6005,210000,710.3166666666667
named,6005,211000,445.13666666666666
named,6005,212000,479.53
named,6005,213000,581.38
named,6005,214000,637.7133333333334
named,6005,215000,447.75666666666666
named,6005,216000,539.26
named,6005,217000,526.0833333333334
named,6005,218000,544.42
named,6005,219000,508.8
named,6005,220000,631.6566666666666
named,6005,221000,688.2466666666667
named,6005,222000,646.65
named,6005,223000,627.4633333333334
named,6005,224000,797.84
named,6005,225000,469.83
named,6005,226000,596.86
named,6005,227000,520.2366666666667
named,6005,228000,582.4533333333334
named,6005,229000,492.15
named,6005,230000,0.13666666666666666
named,6006,1000,200.29666666666665
named,6006,2000,228
named,6006,3000,242.6
named,6006,4000,241.61
named,6006,5000,262.27666666666664
named,6006,6000,284.8
named,6006,7000,308.03
named,6006,8000,324.7633333333333
named,6006,9000,346.56
named,6006,10000,324.54333333333335
named,6006,11000,433.53
named,6006,12000,398.37666666666667
named,6006,13000,379.37666666666667
named,6006,14000,410.34
named,6006,15000,448.66
named,6006,16000,495.14
named,6006,17000,443.76666666666665
named,6006,18000,463.99666666666667
named,6006,19000,485.1433333333333
named,6006,20000,438.0733333333333
named,6006,21000,862.7566666666667
named,6006,22000,722.3466666666667
named,6006,23000,826.95
named,6006,24000,541.61
named,6006,25000,660.8066666666666
named,6006,26000,638.8666666666667
named,6006,27000,586.55
named,6006,28000,765.3966666666666
named,6006,29000,643.75
named,6006,30000,627.89
named,6006,31000,635.5366666666666
named,6006,32000,661.26
named,6006,33000,632.29
named,6006,34000,840.5666666666667
named,6006,35000,662.0633333333334
named,6006,36000,612.9366666666666
named,6006,37000,602.1533333333333
named,6006,38000,873.9233333333333
named,6006,39000,693.5266666666666
named,6006,40000,667.15
named,6006,41000,736.2166666666667
named,6006,42000,577.5966666666667
named,6006,43000,600.7566666666667
named,6006,44000,817.4966666666667
named,6006,45000,745.1266666666667
named,6006,46000,632.37
named,6006,47000,614.87
named,6006,48000,551.9633333333334
named,6006,49000,788.1733333333333
named,6006,50000,696.3933333333333
named,6006,51000,680.5866666666667
named,6006,52000,692.1433333333333
named,6006,53000,780.02
named,6006,54000,662.0566666666666
named,6006,55000,793.04
named,6006,56000,745.33
named,6006,57000,675.3833333333333
named,6006,58000,617.5133333333333
named,6006,59000,763.6966666666667
named,6006,60000,896.09
named,6006,61000,773.14
named,6006,62000,725.9266666666666
named,6006,63000,674.21
named,6006,64000,712.9733333333334
named,6006,65000,724.6733333333333
named,6006,66000,701.15
named,6006,67000,774.3066666666666
named,6006,68000,649.4533333333334
named,6006,69000,637.3833333333333
named,6006,70000,723.1266666666667
named,6006,71000,736.9433333333334
named,6006,72000,655.26
named,6006,73000,659.27
named,6006,74000,698.4833333333333
named,6006,75000,835.7066666666667
named,6006,76000,658.04
named,6006,77000,717.8233333333334
named,6006,78000,825.87
named,6006,79000,673.7166666666667
named,6006,80000,787.55
named,6006,81000,740.8833333333333
named,6006,82000,583.5533333333333
named,6006,83000,728.4666666666667
named,6006,84000,731.2766666666666
named,6006,85000,712.0466666666666
named,6006,86000,592.69
named,6006,87000,741.8833333333333
named,6006,88000,728.98
named,6006,89000,679.3266666666667
named,6006,90000,772.7166666666667
named,6006,91000,686.7666666666667
named,6006,92000,804.9966666666667
named,6006,93000,497.8
named,6006,94000,829.24
named,6006,95000,606.9666666666667
named,6006,96000,607.3666666666667
named,6006,97000,693.4066666666666
named,6006,98000,647.74
named,6006,99000,556.81
named,6006,100000,692.8166666666667
named,6006,101000,720.58
named,6006,102000,692.1566666666666
named,6006,103000,749.3766666666667
named,6006,104000,851.5033333333333
named,6006,105000,709.4333333333333
named,6006,106000,680.3366666666667
named,6006,107000,631.3666666666667
named,6006,108000,896.55
named,6006,109000,492.5233333333333
named,6006,110000,854.7566666666667
named,6006,111000,706.8833333333333
named,6006,112000,682.8233333333334
named,6006,113000,684.36
named,6006,114000,598.4033333333333
named,6006,115000,911.0166666666667
named,6006,116000,739.02
named,6006,117000,635.2133333333334
named,6006,118000,652.2666666666667
named,6006,119000,787.9333333333333
named,6006,120000,696.04
named,6006,121000,725.6566666666666
named,6006,122000,739.9466666666667
named,6006,123000,730.3766666666667
named,6006,124000,616.6066666666667
named,6006,125000,635.2866666666666
named,6006,126000,685.33
named,6006,127000,700.6933333333334
named,6006,128000,565.69
named,6006,129000,734.7166666666667
named,6006,130000,829.6266666666667
named,6006,131000,554.9766666666667
named,6006,132000,690.75
named,6006,133000,565.77
named,6006,134000,574.7266666666667
named,6006,135000,618.9766666666667
named,6006,136000,619.92
named,6006,137000,790.11
named,6006,138000,633.3233333333334
named,6006,139000,727.19
named,6006,140000,641.8533333333334
named,6006,141000,704.2033333333334
named,6006,142000,646.7966666666666
named,6006,143000,835.4066666666666
named,6006,144000,836.61
named,6006,145000,674.8833333333333
named,6006,146000,788.3333333333334
named,6006,147000,823.2733333333333
named,6006,148000,758.6966666666667
named,6006,149000,838.3333333333334
named,6006,150000,568.5133333333333
named,6006,151000,555.5266666666666
named,6006,152000,704.3933333333333
named,6006,153000,707.28
named,6006,154000,714.3066666666666
named,6006,155000,725.27
named,6006,156000,744.4
named,6006,157000,761.58
named,6006,158000,695.7366666666667
named,6006,159000,801.5866666666667
named,6006,160000,719.4833333333333
named,6006,161000,561.7666666666667
named,6006,162000,789.1633333333333
named,6006,163000,494.8666666666667
named,6006,164000,622.6633333333333
named,6006,165000,678.6066666666667
named,6006,166000,549.3766666666667
named,6006,167000,741.8533333333334
named,6006,168000,532.0466666666666
named,6006,169000,623.4
named,6006,170000,778.0466666666666
named,6006,171000,731.71
named,6006,172000,622.9966666666667
named,6006,173000,753.4133333333333
named,6006,174000,527.5633333333334
named,6006,175000,697.63
named,6006,176000,707.4333333333333
named,6006,177000,786.13
named,6006,178000,608.6466666666666
named,6006,179000,683.18
named,6006,180000,591.5733333333334
named,6006,181000,616.7933333333333
named,6006,182000,778.2766666666666
named,6006,183000,718.8266666666667
named,6006,184000,687.58
named,6006,185000,652.2766666666666
named,6006,186000,762.9766666666667
named,6006,187000,799.1033333333334
named,6006,188000,770.9633333333334
named,6006,189000,722.9066666666666
named,6006,190000,570.84
named,6006,191000,745.6133333333333
named,6006,192000,739.4333333333333
named,6006,193000,554.3666666666667
named,6006,194000,510.11
named,6006,195000,791.7266666666667
named,6006,196000,994.0366666666666
named,6006,197000,906.7133333333334
named,6006,198000,581.8733333333333
named,6006,199000,736.9466666666667
named,6006,200000,731.13
named,6006,201000,686.1433333333333
named,6006,202000,582.89
named,6006,203000,674.7633333333333
named,6006,204000,723.81
named,6006,205000,735.51
named,6006,206000,615.08
named,6006,207000,578.5766666666667
named,6006,208000,678.9833333333333
named,6006,209000,652.24
named,6006,210000,599.78
named,6006,211000,963.4466666666667
named,6006,212000,904.7533333333333
named,6006,213000,574.9
named,6006,214000,641.39
named,6006,215000,797.28
named,6006,216000,657.4666666666667
named,6006,217000,632.86
named,6006,218000,804.9833333333333
named,6006,219000,659.4566666666667
named,6006,220000,629.91
named,6006,221000,691.79
named,6006,222000,753.4766666666667
named,6006,223000,816.11
named,6006,224000,531.3133333333334
named,6006,225000,563.75
named,6006,226000,671.1533333333333
named,6006,227000,739.7533333333333
named,6006,228000,670.4033333333333
named,6006,229000,1011.6766666666666
named,6006,230000,789.7333333333333
named,6006,231000,657.0233333333333
named,6006,232000,770.95
named,6006,233000,763.95
named,6006,234000,695.1266666666667
named,6006,235000,678.24
named,6006,236000,793.6966666666667
named,6006,237000,605.46
named,6006,238000,678.8466666666667
named,6006,239000,704.06
named,6008,1000,220.28333333333333
named,6008,2000,235.90666666666667
named,6008,3000,238.80666666666667
named,6008,4000,241.4
named,6008,5000,267.52
named,6008,6000,282.7366666666667
named,6008,7000,316.02666666666664
named,6008,8000,337.24666666666667
named,6008,9000,365.96666666666664
named,6008,10000,354.35
named,6008,11000,389.6566666666667
named,6008,12000,430.7133333333333
named,6008,13000,424.11
named,6008,14000,416.0966666666667
named,6008,15000,498.37666666666667
named,6008,16000,422.79
named,6008,17000,397.23333333333335
named,6008,18000,626.07
named,6008,19000,467.93333333333334
named,6008,20000,727.0733333333334
named,6008,21000,645.6033333333334
named,6008,22000,645.6733333333333
named,6008,23000,630.53
named,6008,24000,693.9666666666667
named,6008,25000,498.28333333333336
named,6008,26000,620.5633333333334
named,6008,27000,516.94
named,6008,28000,497.9
named,6008,29000,801.7233333333334
named,6008,30000,625.9233333333333
named,6008,31000,546.98
named,6008,32000,558.0033333333333
named,6008,33000,532.04
named,6008,34000,644.8733333333333
named,6008,35000,715.4066666666666
named,6008,36000,620.21
named,6008,37000,641.07
named,6008,38000,546.4366666666666
named,6008,39000,495.39
named,6008,40000,637.72
named,6008,41000,513.2766666666666
named,6008,42000,435.66
named,6008,43000,708.2033333333334
named,6008,44000,764.8866666666667
named,6008,45000,469.58
named,6008,46000,589.65
named,6008,47000,560.49
named,6008,48000,726.2766666666666
named,6008,49000,573.24
named,6008,50000,420.7133333333333
named,6008,51000,505.01666666666665
named,6008,52000,543.85
named,6008,53000,505.87
named,6008,54000,452.44
named,6008,55000,528.2566666666667
named,6008,56000,645.0466666666666
named,6008,57000,624.8866666666667
named,6008,58000,609.8433333333334
named,6008,59000,593.3466666666667
named,6008,60000,515.5266666666666
named,6008,61000,498.5466666666667
named,6008,62000,658.6366666666667
named,6008,63000,523.9666666666667
named,6008,64000,507.18333333333334
named,6008,65000,637.1233333333333
named,6008,66000,535.5166666666667
named,6008,67000,446.4866666666667
named,6008,68000,541.91
named,6008,69000,716.0166666666667
named,6008,70000,615.5466666666666
named,6008,71000,768.6266666666667
named,6008,72000,503.27666666666664
named,6008,73000,568.3
named,6008,74000,420.32
named,6008,75000,759.1533333333333
named,6008,76000,821.0533333333333
named,6008,77000,523.73
named,6008,78000,543.7266666666667
named,6008,79000,610.6266666666667
named,6008,80000,617.9766666666667
named,6008,81000,510.18333333333334
named,6008,82000,459.43
named,6008,83000,473.0366666666667
named,6008,84000,584.7033333333334
named,6008,85000,540.65
named,6008,86000,519.1433333333333
named,6008,87000,547.7633333333333
named,6008,88000,622.47
named,6008,89000,742.2433333333333
named,6008,90000,750.0733333333334
named,6008,91000,524.2866666666666
named,6008,92000,466.01
named,6008,93000,661.75
named,6008,94000,743.1
named,6008,95000,542.5066666666667
named,6008,96000,666.6233333333333
named,6008,97000,501.87333333333333
named,6008,98000,539.6833333333333
named,6008,99000,729.73
named,6008,100000,528.03
named,6008,101000,388.79333333333335
named,6008,102000,591.4733333333334
named,6008,103000,600.1566666666666
named,6008,104000,766.17
named,6008,105000,466.93666666666667
named,6008,106000,651.5266666666666
named,6008,107000,650.7533333333333
named,6008,108000,642.4933333333333
named,6008,109000,538.2266666666667
named,6008,110000,489.7133333333333
named,6008,111000,648.09
named,6008,112000,515.4433333333334
named,6008,113000,475.28
named,6008,114000,727.6166666666667
named,6008,115000,689.16
named,6008,116000,528.2366666666667
named,6008,117000,647.2266666666667
named,6008,118000,484.00666666666666
named,6008,119000,525.1
named,6008,120000,645.8066666666666
named,6008,121000,467.98
named,6008,122000,591.5833333333334
named,6008,123000,521.11
named,6008,124000,384.5466666666667
named,6008,125000,592.5566666666666
named,6008,126000,613.8933333333333
named,6008,127000,670.0733333333334
named,6008,128000,517.44
named,6008,129000,547.5866666666667
named,6008,130000,469.2033333333333
named,6008,131000,491.68
named,6008,132000,681.3333333333334
named,6008,133000,526.4033333333333
named,6008,134000,452.57
named,6008,135000,669.3566666666667
named,6008,136000,589.8666666666667
named,6008,137000,482.8
named,6008,138000,581.4766666666667
named,6008,139000,645.16
named,6008,140000,468.1533333333333
named,6008,141000,673.1433333333333
named,6008,142000,516.44
named,6008,143000,528.6866666666666
named,6008,144000,575.78
named,6008,145000,466.53
named,6008,146000,626.6666666666666
named,6008,147000,486.34
named,6008,148000,502.09
named,6008,149000,566.29
named,6008,150000,408.2633333333333
named,6008,151000,402.50333333333333
named,6008,152000,756.87
named,6008,153000,407.88
named,6008,154000,741.6866666666666
named,6008,155000,522.8566666666667
named,6008,156000,598.78
named,6008,157000,512.82
named,6008,158000,512.9033333333333
named,6008,159000,573.5733333333334
named,6008,160000,495.57
named,6008,161000,542.27
named,6008,162000,558.9533333333334
named,6008,163000,635.87
named,6008,164000,472.5233333333333
named,6008,165000,732.1466666666666
named,6008,166000,553.3833333333333
named,6008,167000,443.96
named,6008,168000,514.3366666666667
named,6008,169000,547.3633333333333
named,6008,170000,674.2133333333334
named,6008,171000,591.85
named,6008,172000,547.9333333333333
named,6008,173000,385.43333333333334
named,6008,174000,462.2366666666667
named,6008,175000,521.0633333333334
named,6008,176000,617.1033333333334
named,6008,177000,546.0233333333333
named,6008,178000,407.1
named,6008,179000,606.98
named,6008,180000,585.3866666666667
named,6008,181000,567.5266666666666
named,6008,182000,523.0033333333333
named,6008,183000,634.69
named,6008,184000,583.9466666666667
named,6008,185000,670.9733333333334
named,6008,186000,624.7066666666667
named,6008,187000,523.4166666666666
named,6008,188000,555.5666666666667
named,6008,189000,500.91
named,6008,190000,448.4633333333333
named,6008,191000,709.1933333333334
named,6008,192000,662.26
named,6008,193000,605.2633333333333
named,6008,194000,618.8433333333334
named,6008,195000,400.31666666666666
named,6008,196000,518.08
named,6008,197000,475.49666666666667
named,6008,198000,719.5966666666667
named,6008,199000,564.06
named,6008,200000,692.19
named,6008,201000,473.3466666666667
named,6008,202000,501.8933333333333
named,6008,203000,769.11
named,6008,204000,430.20666666666665
named,6008,205000,603.7466666666667
named,6008,206000,543.8833333333333
named,6008,207000,535.77
named,6008,208000,573.8466666666667
named,6008,209000,621.0966666666667
named,6008,210000,538.3666666666667
named,6008,211000,599.1966666666667
named,6008,212000,608.5666666666667
named,6008,213000,500.0133333333333
named,6008,214000,539.5266666666666
named,6008,215000,509.24666666666667
named,6008,216000,503.43
named,6008,217000,632.0033333333333
named,6008,218000,448.6766666666667
named,6008,219000,699.3166666666667
named,6008,220000,581.0266666666666
named,6008,221000,524.8366666666667
named,6008,222000,475.59
named,6008,223000,562.7566666666667
named,6008,224000,609.9366666666666
named,6008,225000,672.1533333333333
named,6008,226000,671.4366666666666
named,6008,227000,523.2333333333333
named,6008,228000,690.8966666666666
named,6008,229000,588.67
named,6008,230000,538.75
named,6008,231000,732.89
named,6008,232000,599.7566666666667
named,6008,233000,655.71
named,6008,234000,506.56333333333333
named,6008,235000,639.4466666666667
named,6008,236000,508.85333333333335
named,6008,237000,549.73
named,6008,238000,602.8766666666667
named,6008,239000,855.8633333333333
fresh,7001,1000,208.13333333333333
fresh,7001,2000,221.80333333333334
fresh,7001,3000,234.67666666666668
fresh,7001,4000,258.96666666666664
fresh,7001,5000,258.5233333333333
fresh,7001,6000,320.24333333333334
fresh,7001,7000,322.6766666666667
fresh,7001,8000,327.81333333333333
fresh,7001,9000,365.12
fresh,7001,10000,368.42333333333335
fresh,7001,11000,407.3666666666667
fresh,7001,12000,411.5733333333333
fresh,7001,13000,433.23333333333335
fresh,7001,14000,439.89
fresh,7001,15000,456.48333333333335
fresh,7001,16000,419.43
fresh,7001,17000,471.5566666666667
fresh,7001,18000,523.6566666666666
fresh,7001,19000,481.39
fresh,7001,20000,600.3166666666667
fresh,7001,21000,427.0933333333333
fresh,7001,22000,422.92
fresh,7002,1000,210.43666666666667
fresh,7002,2000,232.89666666666668
fresh,7002,3000,226.25
fresh,7002,4000,249.22
fresh,7002,5000,288.50666666666666
fresh,7002,6000,280.19
fresh,7002,7000,319.4066666666667
fresh,7002,8000,337.62333333333333
fresh,7002,9000,351.66333333333336
fresh,7002,10000,391.16333333333336
fresh,7002,11000,346.37
fresh,7002,12000,397.01
fresh,7002,13000,445.4633333333333
fresh,7002,14000,416.8666666666667
fresh,7002,15000,466.01666666666665
fresh,7002,16000,543.3933333333333
fresh,7002,17000,426.13
fresh,7002,18000,502.53333333333336
fresh,7002,19000,524.8066666666666
fresh,7002,20000,410.2366666666667
fresh,7002,21000,465.24666666666667
fresh,7002,22000,476.47
fresh,7002,23000,493.34
fresh,7003,1000,214.17333333333335
fresh,7003,2000,235.62666666666667
fresh,7003,3000,238.53333333333333
fresh,7003,4000,239.92
fresh,7003,5000,264.9866666666667
fresh,7003,6000,307.31666666666666
fresh,7003,7000,321.06
fresh,7003,8000,335.06333333333333
fresh,7003,9000,350.7366666666667
fresh,7003,10000,360.34
fresh,7003,11000,396.2
fresh,7003,12000,419.8466666666667
fresh,7003,13000,450.64
fresh,7003,14000,483.43333333333334
fresh,7003,15000,385.2266666666667
fresh,7003,16000,430.6766666666667
fresh,7003,17000,418.29
fresh,7003,18000,520.67
fresh,7003,19000,432.62
fresh,7003,20000,397.58666666666664
fresh,7004,1000,219.70666666666668
fresh,7004,2000,236.75666666666666
fresh,7004,3000,235.15666666666667
fresh,7004,4000,245.47
fresh,7004,5000,267.8566666666667
fresh,7004,6000,288.6766666666667
fresh,7004,7000,330.91333333333336
fresh,7004,8000,312.66333333333336
fresh,7004,9000,370.4166666666667
fresh,7004,10000,387.42333333333335
fresh,7004,11000,412.36333333333334
fresh,7004,12000,415.30333333333334
fresh,7004,13000,413.4066666666667
fresh,7004,14000,476.96666666666664
fresh,7004,15000,401.75333333333333
fresh,7004,16000,532.36
fresh,7004,17000,584.5833333333334
fresh,7004,18000,525.8733333333333
fresh,7004,19000,507.35333333333335
fresh,7004,20000,499.36
fresh,7004,21000,863.05
fresh,7005,1000,221.73666666666668
fresh,7005,2000,223.18
fresh,7005,3000,234.72666666666666
fresh,7005,4000,246.52666666666667
fresh,7005,5000,284.8066666666667
fresh,7005,6000,276.62
fresh,7005,7000,293.01666666666665
fresh,7005,8000,332.83666666666664
fresh,7005,9000,371.64
fresh,7005,10000,379.8433333333333
fresh,7005,11000,371.00333333333333
fresh,7005,12000,419.83666666666664
fresh,7005,13000,422.7733333333333
fresh,7005,14000,418.31
fresh,7005,15000,564.7933333333333
fresh,7005,16000,659.9833333333333
fresh,7005,17000,350.04333333333335
fresh,7005,18000,461.8466666666667
fresh,7005,19000,385.3466666666667
fresh,7005,20000,432.93666666666667
fresh,7005,21000,477.06333333333333
fresh,7005,22000,322.93
fresh,7005,23000,437.55
fresh,7006,1000,202.15666666666667
fresh,7006,2000,199.02
fresh,7006,3000,235.05
fresh,7006,4000,256.97333333333336
fresh,7006,5000,293.39666666666665
fresh,7006,6000,280.31
fresh,7006,7000,328.0233333333333
fresh,7006,8000,329.56
fresh,7006,9000,360.72
fresh,7006,10000,374.4033333333333
fresh,7006,11000,413.8066666666667
fresh,7006,12000,429.61
fresh,7006,13000,421.9266666666667
fresh,7006,14000,503.12333333333333
fresh,7006,15000,504.3666666666667
fresh,7006,16000,517.7
fresh,7006,17000,585.2533333333333
fresh,7006,18000,534.4566666666667
fresh,7006,19000,519.57
fresh,7006,20000,426.87333333333333
fresh,7006,21000,470.0233333333333
fresh,7006,22000,222.75333333333333
fresh,7006,23000,372.18666666666667
fresh,7007,1000,206.11
fresh,7007,2000,221.71333333333334
fresh,7007,3000,243.35333333333332
fresh,7007,4000,255.58
fresh,7007,5000,265.9
fresh,7007,6000,275.93
fresh,7007,7000,304.0233333333333
fresh,7007,8000,335.4533333333333
fresh,7007,9000,363.17333333333335
fresh,7007,10000,390.2866666666667
fresh,7007,11000,421.34
fresh,7007,12000,424.36333333333334
fresh,7007,13000,447.2366666666667
fresh,7007,14000,533.5
fresh,7007,15000,455.87
fresh,7007,16000,519.0966666666667
fresh,7007,17000,452.81666666666666
fresh,7007,18000,446.32
fresh,7007,19000,522.0766666666667
fresh,7007,20000,491.7366666666667
fresh,7007,21000,510.36333333333334
fresh,7007,22000,578.4666666666667
fresh,7007,23000,532.5433333333333
fresh,7007,24000,567.92
fresh,7007,25000,509.24333333333334
fresh,7007,26000,700.8733333333333
fresh,7007,27000,521.11
fresh,7007,28000,717.7033333333334
fresh,7007,29000,604.6666666666666
fresh,7007,30000,424.7733333333333
fresh,7007,31000,521.2966666666666
fresh,7007,32000,448.95666666666665
fresh,7007,33000,446.22333333333336
fresh,7007,34000,648.0133333333333
fresh,7007,35000,434.6766666666667
fresh,7007,36000,393.0233333333333
fresh,7007,37000,633.4
fresh,7007,38000,632.4966666666667
fresh,7007,39000,481.6333333333333
fresh,7007,40000,618.5133333333333
fresh,7007,41000,534.8333333333334
fresh,7007,42000,406.8933333333333
fresh,7007,43000,479.0733333333333
fresh,7007,44000,600.9033333333333
fresh,7007,45000,492.00666666666666
fresh,7007,46000,552.69
fresh,7007,47000,459.82666666666665
fresh,7007,48000,361.85333333333335
fresh,7007,49000,678.7966666666666
fresh,7007,50000,457.65
fresh,7007,51000,613.1666666666666
fresh,7007,52000,569.4633333333334
fresh,7007,53000,533.0966666666667
fresh,7007,54000,714.9566666666667
fresh,7007,55000,594.46
fresh,7007,56000,523.3033333333333
fresh,7007,57000,602.6533333333333
fresh,7007,58000,724.6
fresh,7007,59000,510.99666666666667
fresh,7007,60000,546.0833333333334
fresh,7007,61000,349.85
fresh,7007,62000,627.7266666666667
fresh,7007,63000,505.4266666666667
fresh,7007,64000,628.5433333333333
fresh,7007,65000,456.86
fresh,7007,66000,590.45
fresh,7007,67000,528.7733333333333
fresh,7007,68000,382.69
fresh,7007,69000,626.0666666666667
fresh,7007,70000,373.65
fresh,7007,71000,460.0233333333333
fresh,7007,72000,458.2866666666667
fresh,7007,73000,645.5333333333333
fresh,7007,74000,448.43333333333334
fresh,7007,75000,575.0333333333333
fresh,7007,76000,572.76
fresh,7007,77000,675.8866666666667
fresh,7007,78000,629.3633333333333
fresh,7007,79000,366.9433333333333
fresh,7007,80000,632.76
fresh,7007,81000,545.7166666666667
fresh,7007,82000,398.4066666666667
fresh,7007,83000,719.7266666666667
fresh,7007,84000,724.3333333333334
fresh,7007,85000,518.2233333333334
fresh,7007,86000,572.4766666666667
fresh,7007,87000,417.26
fresh,7007,88000,503.76
fresh,7007,89000,470.7133333333333
fresh,7007,90000,602.16
fresh,7007,91000,451.55333333333334
fresh,7007,92000,475.75666666666666
fresh,7007,93000,551.4733333333334
fresh,7007,94000,563.6466666666666
fresh,7007,95000,556.3366666666667
fresh,7007,96000,614.8433333333334
fresh,7007,97000,686.96
fresh,7007,98000,433.74
fresh,7007,99000,449.9766666666667
fresh,7007,100000,611.16
fresh,7007,101000,565.0266666666666
fresh,7007,102000,580.59
fresh,7007,103000,616.96
fresh,7007,104000,429.3566666666667
fresh,7007,105000,620.4
fresh,7007,106000,659.58
fresh,7007,107000,399.98
fresh,7007,108000,440.35333333333335
fresh,7007,109000,504.91
fresh,7007,110000,496.5133333333333
fresh,7007,111000,620.35
fresh,7007,112000,448.62
fresh,7007,113000,593.53
fresh,7008,1000,212.47666666666666
fresh,7008,2000,208.45
fresh,7008,3000,250.82666666666665
fresh,7008,4000,241.66333333333333
fresh,7008,5000,250.08666666666667
fresh,7008,6000,295.85
fresh,7008,7000,308.61
fresh,7008,8000,337.6766666666667
fresh,7008,9000,314.17333333333335
fresh,7008,10000,356.13
fresh,7008,11000,386.4866666666667
fresh,7008,12000,418.08
fresh,7008,13000,424.52666666666664
fresh,7008,14000,448.73333333333335
fresh,7008,15000,470.5133333333333
fresh,7008,16000,503.49333333333334
fresh,7008,17000,470.39
fresh,7008,18000,428.2033333333333
fresh,7008,19000,504.1566666666667
fresh,7008,20000,338.62666666666667
fresh,7008,21000,402.7266666666667
fresh,7008,22000,459.35
fresh,7008,23000,526.9033333333333
fresh,7009,1000,205
fresh,7009,2000,216.4
fresh,7009,3000,228.31666666666666
fresh,7009,4000,259.25
fresh,7009,5000,290.89
fresh,7009,6000,285.4866666666667
fresh,7009,7000,314.8433333333333
fresh,7009,8000,321.79
fresh,7009,9000,370.50333333333333
fresh,7009,10000,381.53
fresh,7009,11000,367.2033333333333
fresh,7009,12000,380.8466666666667
fresh,7009,13000,387.03333333333336
fresh,7009,14000,494.88
fresh,7009,15000,402.32666666666665
fresh,7009,16000,424.66333333333336
fresh,7009,17000,459.4033333333333
fresh,7009,18000,534.5566666666666
fresh,7009,19000,437.3666666666667
fresh,7009,20000,528.7266666666667
fresh,7009,21000,384.25
fresh,7009,22000,430.03
fresh,7010,1000,211.92
fresh,7010,2000,230.37333333333333
fresh,7010,3000,232.83333333333334
fresh,7010,4000,247.44333333333333
fresh,7010,5000,255.58666666666667
fresh,7010,6000,278.06666666666666
fresh,7010,7000,317.4
fresh,7010,8000,332.12333333333333
fresh,7010,9000,362.63666666666666
fresh,7010,10000,362.16
fresh,7010,11000,400.6166666666667
fresh,7010,12000,390.25
fresh,7010,13000,478.98333333333335
fresh,7010,14000,423.3466666666667
fresh,7010,15000,418.8
fresh,7010,16000,591.22
fresh,7010,17000,500.35
fresh,7010,18000,422.5733333333333
fresh,7010,19000,385.0933333333333
fresh,7010,20000,437.57
fresh,7010,21000,380.20666666666665
fresh,7010,22000,372.62
fresh,7010,23000,444.2866666666667
fresh,7011,1000,200.18666666666667
fresh,7011,2000,216.08333333333334
fresh,7011,3000,251.71333333333334
fresh,7011,4000,247.86666666666667
fresh,7011,5000,269.27
fresh,7011,6000,284.16333333333336
fresh,7011,7000,320.4433333333333
fresh,7011,8000,346.5366666666667
fresh,7011,9000,370.4866666666667
fresh,7011,10000,368.99333333333334
fresh,7011,11000,399.13666666666666
fresh,7011,12000,345.3
fresh,7011,13000,424.79333333333335
fresh,7011,14000,487.54333333333335
fresh,7011,15000,396.1166666666667
fresh,7011,16000,496.00666666666666
fresh,7011,17000,526.6533333333333
fresh,7011,18000,488.08666666666664
fresh,7011,19000,401.7033333333333
fresh,7011,20000,552.5333333333333
fresh,7011,21000,894.83
fresh,7012,1000,209.13333333333333
fresh,7012,2000,220.40666666666667
fresh,7012,3000,222.48666666666668
fresh,7012,4000,246.28333333333333
fresh,7012,5000,284.56
fresh,7012,6000,309.58666666666664
fresh,7012,7000,314.97
fresh,7012,8000,342.89666666666665
fresh,7012,9000,360.48333333333335
fresh,7012,10000,373.62666666666667
fresh,7012,11000,402.41333333333336
fresh,7012,12000,348.9433333333333
fresh,7012,13000,414.3066666666667
fresh,7012,14000,425.33666666666664
fresh,7012,15000,456.9166666666667
fresh,7012,16000,524.04
fresh,7012,17000,400.85333333333335
fresh,7012,18000,616.4266666666666
fresh,7012,19000,481.5933333333333
fresh,7012,20000,473.8833333333333
fresh,7012,21000,377.00666666666666
fresh,7012,22000,417.41333333333336
fresh,7012,23000,412.11333333333334
fresh,7012,24000,716.35
fresh,7013,1000,208.34
fresh,7013,2000,207.56666666666666
fresh,7013,3000,242.82
fresh,7013,4000,241.88333333333333
fresh,7013,5000,274.29333333333335
fresh,7013,6000,316.6433333333333
fresh,7013,7000,308.5566666666667
fresh,7013,8000,348.87666666666667
fresh,7013,9000,354.04333333333335
fresh,7013,10000,386.16333333333336
fresh,7013,11000,350.47333333333336
fresh,7013,12000,431.42333333333335
fresh,7013,13000,436.23333333333335
fresh,7013,14000,426.00333333333333
fresh,7013,15000,505.7633333333333
fresh,7013,16000,511.5233333333333
fresh,7013,17000,460.4166666666667
fresh,7013,18000,432.87666666666667
fresh,7013,19000,471.31
fresh,7013,20000,411.5133333333333
fresh,7013,21000,401.76
fresh,7013,22000,490.08
fresh,7013,23000,531.04
fresh,7014,1000,200.89666666666668
fresh,7014,2000,218.81
fresh,7014,3000,238.58
fresh,7014,4000,256.62666666666667
fresh,7014,5000,256.5833333333333
fresh,7014,6000,282.86
fresh,7014,7000,321.39666666666665
fresh,7014,8000,324.56666666666666
fresh,7014,9000,329.5833333333333
fresh,7014,10000,389.7033333333333
fresh,7014,11000,409.93
fresh,7014,12000,420.69666666666666
fresh,7014,13000,395.5933333333333
fresh,7014,14000,488.52666666666664
fresh,7014,15000,382.12666666666667
fresh,7014,16000,470.7133333333333
fresh,7014,17000,468.91333333333336
fresh,7014,18000,423.9433333333333
fresh,7014,19000,417.75
fresh,7014,20000,410.51
fresh,7014,21000,396.12666666666667
fresh,7014,22000,480.46666666666664
fresh,7014,23000,315.6066666666667
fresh,7014,24000,364.3066666666667
fresh,7015,1000,205.38666666666666
fresh,7015,2000,213.40333333333334
fresh,7015,3000,235.23666666666668
fresh,7015,4000,250.06666666666666
fresh,7015,5000,259.03
fresh,7015,6000,286.64666666666665
fresh,7015,7000,327.68
fresh,7015,8000,349.4866666666667
fresh,7015,9000,388.20666666666665
fresh,7015,10000,332.98333333333335
fresh,7015,11000,411.0566666666667
fresh,7015,12000,412.95
fresh,7015,13000,446.5833333333333
fresh,7015,14000,480.37333333333333
fresh,7015,15000,508.4433333333333
fresh,7015,16000,393.7866666666667
fresh,7015,17000,477.93666666666667
fresh,7015,18000,404.3433333333333
fresh,7015,19000,384.56333333333333
fresh,7015,20000,533.6033333333334
fresh,7015,21000,366.02666666666664
fresh,7016,1000,209.08666666666667
fresh,7016,2000,211.25666666666666
fresh,7016,3000,237.74333333333334
fresh,7016,4000,240.48333333333332
fresh,7016,5000,284.07666666666665
fresh,7016,6000,287.1
fresh,7016,7000,313.89
fresh,7016,8000,324.5933333333333
fresh,7016,9000,374.82666666666665
fresh,7016,10000,384.93666666666667
fresh,7016,11000,393.52666666666664
fresh,7016,12000,492.2966666666667
fresh,7016,13000,474.81333333333333
fresh,7016,14000,412.0833333333333
fresh,7016,15000,487.89
fresh,7016,16000,499.50333333333333
fresh,7016,17000,498.89
fresh,7016,18000,300.5366666666667
fresh,7016,19000,425.48
fresh,7016,20000,353.79333333333335
fresh,7016,21000,442.97
fresh,7016,22000,448.5366666666667
fresh,7016,23000,549.1966666666667
fresh,7017,1000,223.42
fresh,7017,2000,212.10666666666665
fresh,7017,3000,236.11
fresh,7017,4000,253.99333333333334
fresh,7017,5000,285.27
fresh,7017,6000,301.46
fresh,7017,7000,326.81666666666666
fresh,7017,8000,328.54
fresh,7017,9000,346.6933333333333
fresh,7017,10000,376.74
fresh,7017,11000,417.29333333333335
fresh,7017,12000,422.47
fresh,7017,13000,489.2133333333333
fresh,7017,14000,399.39666666666665
fresh,7017,15000,466.31666666666666
fresh,7017,16000,477.9166666666667
fresh,7017,17000,512.4233333333333
fresh,7017,18000,520.9366666666666
fresh,7017,19000,561.2633333333333
fresh,7017,20000,455.24
fresh,7017,21000,475.34
fresh,7017,22000,610.5866666666667
fresh,7018,1000,223.41333333333333
fresh,7018,2000,233.02333333333334
fresh,7018,3000,228.37333333333333
fresh,7018,4000,251.53
fresh,7018,5000,265.19
fresh,7018,6000,277.22333333333336
fresh,7018,7000,304.6166666666667
fresh,7018,8000,361.58
fresh,7018,9000,386.96
fresh,7018,10000,371.77
fresh,7018,11000,415.85333333333335
fresh,7018,12000,432.38
fresh,7018,13000,385.11
fresh,7018,14000,440.12
fresh,7018,15000,464.1666666666667
fresh,7018,16000,427.2633333333333
fresh,7018,17000,525.19
fresh,7018,18000,534.0266666666666
fresh,7018,19000,498.63
fresh,7018,20000,461.7033333333333
fresh,7018,21000,508.17
fresh,7018,22000,581.8133333333334
fresh,7018,23000,357.11
fresh,7018,24000,553.1366666666667
fresh,7019,1000,178.23333333333332
fresh,7019,2000,223.83
fresh,7019,3000,243.79666666666665
fresh,7019,4000,247.99666666666667
fresh,7019,5000,268.88666666666666
fresh,7019,6000,288.4166666666667
fresh,7019,7000,329.9533333333333
fresh,7019,8000,331.18666666666667
fresh,7019,9000,325.1666666666667
fresh,7019,10000,377.77
fresh,7019,11000,419.82
fresh,7019,12000,401.9
fresh,7019,13000,398.44666666666666
fresh,7019,14000,427.7266666666667
fresh,7019,15000,425.62333333333333
fresh,7019,16000,526.62
fresh,7019,17000,398.0833333333333
fresh,7019,18000,513.2566666666667
fresh,7019,19000,420.23333333333335
fresh,7019,20000,385.7033333333333
fresh,7019,21000,365.57666666666665
fresh,7019,22000,515.4233333333333
fresh,7019,23000,559.12
fresh,7019,24000,896.1866666666666
fresh,7020,1000,214.40333333333334
fresh,7020,2000,206.83333333333334
fresh,7020,3000,242.4
fresh,7020,4000,243.45
fresh,7020,5000,268.21666666666664
fresh,7020,6000,294.89666666666665
fresh,7020,7000,310.45
fresh,7020,8000,346.1333333333333
fresh,7020,9000,364.04
fresh,7020,10000,383.05333333333334
fresh,7020,11000,375.0233333333333
fresh,7020,12000,442.35
fresh,7020,13000,431.92
fresh,7020,14000,494.1433333333333
fresh,7020,15000,433.3433333333333
fresh,7020,16000,482.61
fresh,7020,17000,491.26666666666665
fresh,7020,18000,392.87
fresh,7020,19000,456.03
fresh,7020,20000,388.54
fresh,7020,21000,553.8933333333333
fresh,7020,22000,377.6066666666667
fresh,7020,23000,371.4266666666667
