role,phi,ratio,seed,horizon,stopped_at,copies_per_genome,silenced_fraction,extinct,saturated,saturation_generation,hash,replay_hash,model_digest
control,0.001,5.00,6001,35007,11054,1585.7833333333333,0.11412866406718025,0,1,11054,6029866f,NA,07f0ccabe735a307e24e7a45b1b1327df531a65b7a1e076780d045ad8608c5de
control,0.001,5.00,6002,35007,11813,1724.3933333333334,0.17188653787418956,0,1,11813,0ca40204,NA,07f0ccabe735a307e24e7a45b1b1327df531a65b7a1e076780d045ad8608c5de
control,0.001,5.00,6003,35007,12104,1872.8333333333333,0.2648144522559402,0,1,12104,b3fff73b,NA,07f0ccabe735a307e24e7a45b1b1327df531a65b7a1e076780d045ad8608c5de
control,0.001,5.00,6004,35007,10512,1690.6366666666668,0.19895266280355922,0,1,10512,8e0aa153,NA,07f0ccabe735a307e24e7a45b1b1327df531a65b7a1e076780d045ad8608c5de
control,0.001,5.00,6005,35007,12333,1731.6533333333334,0.11651100297211144,0,1,12333,9e9524cd,NA,07f0ccabe735a307e24e7a45b1b1327df531a65b7a1e076780d045ad8608c5de
control,0.001,5.00,6006,35007,12090,1755.1233333333332,0.11440411595006619,0,1,12090,2125a1ac,NA,07f0ccabe735a307e24e7a45b1b1327df531a65b7a1e076780d045ad8608c5de
control,0.001,5.00,6007,35007,11987,1820.7433333333333,0.11380150597832753,0,1,11987,15448e6e,NA,07f0ccabe735a307e24e7a45b1b1327df531a65b7a1e076780d045ad8608c5de
control,0.001,5.00,6008,35007,12163,1591.5,0.14155618389360142,0,1,12163,4383b669,NA,07f0ccabe735a307e24e7a45b1b1327df531a65b7a1e076780d045ad8608c5de
control,0.001,5.00,6009,35007,12646,1861.4366666666667,0.10018963846921106,0,1,12646,e0f2518d,NA,07f0ccabe735a307e24e7a45b1b1327df531a65b7a1e076780d045ad8608c5de
control,0.001,5.00,6010,35007,11594,1900.3866666666668,0.12311880389254116,0,1,11594,8a379eda,NA,07f0ccabe735a307e24e7a45b1b1327df531a65b7a1e076780d045ad8608c5de
named,0.0005,5.00,6005,239030,230096,0,0,1,0,NA,c1e9d5dd,6036f311,07f0ccabe735a307e24e7a45b1b1327df531a65b7a1e076780d045ad8608c5de
named,0.0005,5.00,6006,239030,239030,714.9,0.6329696461043502,0,0,NA,70f08613,1ba1bbf0,07f0ccabe735a307e24e7a45b1b1327df531a65b7a1e076780d045ad8608c5de
named,0.0005,5.00,6008,239030,239030,474.62666666666667,0.7514397280669719,0,0,NA,e4803632,6b518b4c,07f0ccabe735a307e24e7a45b1b1327df531a65b7a1e076780d045ad8608c5de
fresh,0.0005,5.00,7001,239030,22904,1807.9833333333333,0.12891527392398527,0,1,22904,d74201e7,NA,07f0ccabe735a307e24e7a45b1b1327df531a65b7a1e076780d045ad8608c5de
fresh,0.0005,5.00,7002,239030,23531,1517.9033333333334,0.12429206075924905,0,1,23531,677042c3,NA,07f0ccabe735a307e24e7a45b1b1327df531a65b7a1e076780d045ad8608c5de
fresh,0.0005,5.00,7003,239030,20916,1526.8766666666668,0.5252334285895172,0,1,20916,6104e603,NA,07f0ccabe735a307e24e7a45b1b1327df531a65b7a1e076780d045ad8608c5de
fresh,0.0005,5.00,7004,239030,21744,1571.6566666666668,0.2843644816403922,0,1,21744,ced4d480,NA,07f0ccabe735a307e24e7a45b1b1327df531a65b7a1e076780d045ad8608c5de
fresh,0.0005,5.00,7005,239030,23301,1520.5033333333333,0.13043707018070771,0,1,23301,fd8ce92d,NA,07f0ccabe735a307e24e7a45b1b1327df531a65b7a1e076780d045ad8608c5de
fresh,0.0005,5.00,7006,239030,23032,1534.3566666666666,0.2523055265290339,0,1,23032,b41db290,NA,07f0ccabe735a307e24e7a45b1b1327df531a65b7a1e076780d045ad8608c5de
fresh,0.0005,5.00,7007,239030,113878,0,0,1,0,NA,15cc60f7,52e8b3dc,07f0ccabe735a307e24e7a45b1b1327df531a65b7a1e076780d045ad8608c5de
fresh,0.0005,5.00,7008,239030,23673,1508.9833333333333,0.10293685594053391,0,1,23673,946e5313,NA,07f0ccabe735a307e24e7a45b1b1327df531a65b7a1e076780d045ad8608c5de
fresh,0.0005,5.00,7009,239030,22933,1571.8233333333333,0.12399824407747266,0,1,22933,7256053c,NA,07f0ccabe735a307e24e7a45b1b1327df531a65b7a1e076780d045ad8608c5de
fresh,0.0005,5.00,7010,239030,23385,1597.5733333333333,0.0952757515565274,0,1,23385,5b6dcbf5,NA,07f0ccabe735a307e24e7a45b1b1327df531a65b7a1e076780d045ad8608c5de
fresh,0.0005,5.00,7011,239030,21958,1602.6833333333334,0.2757791620303449,0,1,21958,00c2604d,NA,07f0ccabe735a307e24e7a45b1b1327df531a65b7a1e076780d045ad8608c5de
fresh,0.0005,5.00,7012,239030,24380,1614.5833333333333,0.10780903225806451,0,1,24380,79d290d4,NA,07f0ccabe735a307e24e7a45b1b1327df531a65b7a1e076780d045ad8608c5de
fresh,0.0005,5.00,7013,239030,23506,1809.7033333333334,0.12634299176108055,0,1,23506,a431f054,NA,07f0ccabe735a307e24e7a45b1b1327df531a65b7a1e076780d045ad8608c5de
fresh,0.0005,5.00,7014,239030,24238,1828.95,0.1256021214357965,0,1,24238,62d8174d,NA,07f0ccabe735a307e24e7a45b1b1327df531a65b7a1e076780d045ad8608c5de
fresh,0.0005,5.00,7015,239030,21886,1514.78,0.14843299577056293,0,1,21886,96e613f7,NA,07f0ccabe735a307e24e7a45b1b1327df531a65b7a1e076780d045ad8608c5de
fresh,0.0005,5.00,7016,239030,23533,1724.33,0.09280126193941995,0,1,23533,3061edb8,NA,07f0ccabe735a307e24e7a45b1b1327df531a65b7a1e076780d045ad8608c5de
fresh,0.0005,5.00,7017,239030,22483,1525.9833333333333,0.34546904182002863,0,1,22483,b3026d92,NA,07f0ccabe735a307e24e7a45b1b1327df531a65b7a1e076780d045ad8608c5de
fresh,0.0005,5.00,7018,239030,24188,1574.13,0.11158544719940539,0,1,24188,8b04a64c,NA,07f0ccabe735a307e24e7a45b1b1327df531a65b7a1e076780d045ad8608c5de
fresh,0.0005,5.00,7019,239030,24087,1600.8666666666666,0.10613209511514596,0,1,24087,e643d43d,NA,07f0ccabe735a307e24e7a45b1b1327df531a65b7a1e076780d045ad8608c5de
fresh,0.0005,5.00,7020,239030,23838,1715.9066666666668,0.0800257201246377,0,1,23838,6ea7e0e2,NA,07f0ccabe735a307e24e7a45b1b1327df531a65b7a1e076780d045ad8608c5de
